date,geography,geography code,Rural Urban,Household Size: All categories: Household size; measures: Value,Household Size: 1 person in household; measures: Value,Household Size: 2 people in household; measures: Value,Household Size: 3 people in household; measures: Value,Household Size: 4 people in household; measures: Value,Household Size: 5 people in household; measures: Value,Household Size: 6 people in household; measures: Value,Household Size: 7 people in household; measures: Value,Household Size: 8 or more people in household; measures: Value
2011,Darlington,E06000005,Total,46670,15101,16657,7191,5352,1717,507,98,47
2011,County Durham,E06000047,Total,223803,70007,80984,36607,26074,7430,2118,404,179
2011,Hartlepool,E06000001,Total,40434,13392,13478,6629,4759,1526,469,107,74
2011,Middlesbrough,E06000002,Total,57203,17708,18554,9221,7220,2992,1084,239,185
2011,Northumberland,E06000057,Total,138534,41406,53502,20775,16422,4881,1232,226,90
2011,Redcar and Cleveland,E06000003,Total,59605,18735,21165,9738,7119,2132,557,117,42
2011,Stockton-on-Tees,E06000004,Total,79159,21986,27938,13583,10704,3700,925,203,120
2011,Gateshead,E08000037,Total,89154,29313,31486,14011,10277,2924,771,190,182
2011,Newcastle upon Tyne,E08000021,Total,117153,40337,36432,17610,13872,5344,2574,573,411
2011,North Tyneside,E08000022,Total,91295,30960,31879,14107,10722,2785,689,98,55
2011,South Tyneside,E08000023,Total,67167,23459,22431,10798,7492,2209,583,123,72
2011,Sunderland,E08000024,Total,119758,38096,40549,20372,14665,4294,1328,269,185
2011,Blackburn with Darwen,E06000008,Total,57353,17419,17082,8808,7307,3741,1957,595,444
2011,Blackpool,E06000009,Total,64367,24446,20833,9345,6399,2321,743,171,109
2011,Cheshire East,E06000049,Total,159441,47328,57990,25266,20969,5888,1589,276,135
2011,Cheshire West and Chester,E06000050,Total,141442,41841,51108,22381,18383,5617,1631,324,157
2011,Halton,E06000006,Total,53312,15833,17938,9272,7130,2289,663,128,59
2011,Warrington,E06000007,Total,85140,24534,29885,14347,11868,3388,893,142,83
2011,Allerdale,E07000026,Total,42345,13169,15710,6196,5199,1579,390,62,40
2011,Barrow-in-Furness,E07000027,Total,31224,10791,10657,4744,3611,1042,292,65,22
2011,Carlisle,E07000028,Total,48342,16423,17028,6939,5709,1654,449,97,43
2011,Copeland,E07000029,Total,30536,9308,11198,4640,3768,1236,305,61,20
2011,Eden,E07000030,Total,23043,6958,9028,3122,2806,861,208,36,24
2011,South Lakeland,E07000031,Total,46552,15091,18509,5964,5028,1496,370,68,26
2011,Bolton,E08000001,Total,116371,37091,37513,18430,14570,5373,2306,628,460
2011,Bury,E08000002,Total,78113,24263,26003,12647,9981,3454,1187,321,257
2011,Manchester,E08000003,Total,204969,72255,61144,31456,21743,10226,5375,1527,1243
2011,Oldham,E08000004,Total,89703,26790,28033,15000,11280,4681,2320,795,804
2011,Rochdale,E08000005,Total,87552,28183,27518,13687,10581,4447,2081,593,462
2011,Salford,E08000006,Total,103556,37751,33517,15597,10567,3908,1421,384,411
2011,Stockport,E08000007,Total,121979,38535,41329,18868,16015,5199,1509,352,172
2011,Tameside,E08000008,Total,94953,31037,30941,15765,11470,3805,1353,345,237
2011,Trafford,E08000009,Total,94484,28179,31108,15335,13262,4675,1416,302,207
2011,Wigan,E08000010,Total,136386,40053,47498,23861,17953,5283,1400,228,110
2011,Burnley,E07000117,Total,37550,12506,12312,6028,4151,1572,668,190,123
2011,Chorley,E07000118,Total,44919,12724,16445,7493,5942,1688,484,97,46
2011,Fylde,E07000119,Total,34885,12328,12812,4816,3495,1080,271,54,29
2011,Hyndburn,E07000120,Total,34341,11061,11449,5336,3990,1504,679,165,157
2011,Lancaster,E07000121,Total,57822,18838,20790,8281,6734,2212,743,143,81
2011,Pendle,E07000122,Total,37348,12088,12382,5399,4184,1775,981,282,257
2011,Preston,E07000123,Total,57567,19835,17505,8486,7154,2929,1156,299,203
2011,Ribble Valley,E07000124,Total,24045,6948,8773,3646,3336,1002,257,62,21
2011,Rossendale,E07000125,Total,29058,8988,10046,4655,3507,1289,386,120,67
2011,South Ribble,E07000126,Total,46102,12453,17059,7982,6145,1838,499,84,42
2011,West Lancashire,E07000127,Total,45381,12226,16340,7415,6482,2147,618,98,55
2011,Wyre,E07000128,Total,47281,14172,18449,6917,5394,1729,493,91,36
2011,Knowsley,E08000011,Total,61323,19041,18991,10794,8321,3070,893,145,68
2011,Liverpool,E08000012,Total,206515,80973,60213,30559,22422,8435,2851,704,358
2011,Sefton,E08000014,Total,117930,37820,39735,18512,14948,5054,1429,304,128
2011,St. Helens,E08000013,Total,75736,22694,26441,13094,9616,2988,706,144,53
2011,Wirral,E08000015,Total,140583,47329,46532,21818,16925,5796,1705,304,174
2011,East Riding of Yorkshire,E06000011,Total,143032,39276,57418,21535,18017,5105,1309,261,111
2011,"Kingston upon Hull, City of",E06000010,Total,112596,39788,35562,17174,13273,4540,1660,365,234
2011,North East Lincolnshire,E06000012,Total,69707,21793,25134,10699,8239,2748,837,194,63
2011,North Lincolnshire,E06000013,Total,70684,19420,26503,11570,8983,2924,971,205,108
2011,York,E06000014,Total,83552,25224,31228,12414,9977,3194,1152,267,96
2011,Craven,E07000163,Total,24583,7651,9691,3329,2696,878,253,43,42
2011,Hambleton,E07000164,Total,38117,10679,14896,5811,4819,1438,389,68,17
2011,Harrogate,E07000165,Total,67169,19340,25628,10051,8750,2590,650,121,39
2011,Richmondshire,E07000166,Total,20207,5239,8116,2996,2724,864,221,36,11
2011,Ryedale,E07000167,Total,22524,6546,9149,3122,2553,834,255,45,20
2011,Scarborough,E07000168,Total,49435,16966,18655,6616,4817,1600,586,115,80
2011,Selby,E07000169,Total,34559,8533,13330,5875,4897,1404,410,78,32
2011,Barnsley,E08000016,Total,100734,29734,36871,16770,12530,3669,932,165,63
2011,Doncaster,E08000017,Total,126487,36104,45170,20979,16425,5569,1699,359,182
2011,Rotherham,E08000018,Total,108293,30902,38646,17826,14244,4506,1534,367,268
2011,Sheffield,E08000019,Total,229928,73315,77370,33761,28316,10429,4633,1156,948
2011,Bradford,E08000032,Total,199296,58934,60941,29949,25313,11834,7528,2355,2442
2011,Calderdale,E08000033,Total,88621,29023,30183,13197,10711,3548,1376,333,250
2011,Kirklees,E08000034,Total,173525,52553,58412,26257,22372,8076,3859,1103,893
2011,Leeds,E08000035,Total,320596,106739,108020,47243,37941,13176,5113,1311,1053
2011,Wakefield,E08000036,Total,140414,41640,50597,23340,17568,5293,1479,319,178
2011,Derby,E06000015,Total,102271,31578,33604,15537,13438,4983,2123,599,409
2011,Leicester,E06000016,Total,123125,36951,33618,19422,17970,8262,4422,1407,1073
2011,Nottingham,E06000018,Total,126131,45617,38283,18679,12803,6333,3108,789,519
2011,Rutland,E06000017,Total,15002,4111,6089,2217,1845,577,117,31,15
2011,Amber Valley,E07000032,Total,52596,14658,20280,8233,6802,1923,546,113,41
2011,Bolsover,E07000033,Total,32801,9521,12197,5337,4021,1280,345,63,37
2011,Chesterfield,E07000034,Total,46796,15412,16996,7097,5203,1559,396,83,50
2011,Derbyshire Dales,E07000035,Total,30744,8899,12289,4173,3810,1218,292,37,26
2011,Erewash,E07000036,Total,48692,14164,18141,8038,6139,1643,431,88,48
2011,High Peak,E07000037,Total,38946,11362,14259,6043,5215,1582,379,73,33
2011,North East Derbyshire,E07000038,Total,43070,12158,16643,6799,5570,1439,354,76,31
2011,South Derbyshire,E07000039,Total,38992,10059,14598,6486,5587,1686,457,84,35
2011,Blaby,E07000129,Total,38686,10095,14248,6322,5644,1755,465,99,58
2011,Charnwood,E07000130,Total,66516,18658,23591,10518,9334,3085,975,228,127
2011,Harborough,E07000131,Total,34898,8995,13099,5311,5303,1680,387,80,43
2011,Hinckley and Bosworth,E07000132,Total,45377,12771,17340,7160,5896,1657,450,63,40
2011,Melton,E07000133,Total,21490,5902,8314,3245,2901,835,226,45,22
2011,North West Leicestershire,E07000134,Total,39128,10587,14422,6328,5478,1691,498,84,40
2011,Oadby and Wigston,E07000135,Total,21339,5488,7335,3295,3316,1277,435,131,62
2011,Boston,E07000136,Total,27291,7676,10297,4302,3342,1127,388,92,67
2011,East Lindsey,E07000137,Total,60890,18179,25789,8197,5872,1956,655,159,83
2011,Lincoln,E07000138,Total,39825,13696,13661,6086,4319,1381,503,106,73
2011,North Kesteven,E07000139,Total,45972,12052,18789,7100,5876,1603,415,92,45
2011,South Holland,E07000140,Total,37264,9441,15369,5695,4657,1380,534,135,53
2011,South Kesteven,E07000141,Total,57344,15599,22439,9030,7425,2100,590,118,43
2011,West Lindsey,E07000142,Total,38385,10487,15487,5933,4535,1417,400,69,57
2011,Corby,E07000150,Total,25215,6696,8717,4690,3404,1244,340,93,31
2011,Daventry,E07000151,Total,31647,7953,12207,5001,4526,1485,381,64,30
2011,East Northamptonshire,E07000152,Total,35662,9134,13821,5562,5045,1542,417,94,47
2011,Kettering,E07000153,Total,39701,11503,14375,6219,5294,1676,480,106,48
2011,Northampton,E07000154,Total,88731,27048,30203,14010,11283,4210,1403,369,205
2011,South Northamptonshire,E07000155,Total,34717,8264,13398,5528,5433,1626,366,72,30
2011,Wellingborough,E07000156,Total,32057,9502,11405,5065,4122,1391,427,108,37
2011,Ashfield,E07000170,Total,50931,14278,18853,8669,6429,1949,587,115,51
2011,Bassetlaw,E07000171,Total,47667,13367,18100,7683,6051,1846,471,107,42
2011,Broxtowe,E07000172,Total,46820,13083,17509,7643,6194,1803,443,93,52
2011,Gedling,E07000173,Total,49349,14641,18186,7835,6123,1903,511,91,59
2011,Mansfield,E07000174,Total,44928,13098,16302,7598,5570,1706,500,103,51
2011,Newark and Sherwood,E07000175,Total,48773,13842,18563,7555,6113,2015,516,118,51
2011,Rushcliffe,E07000176,Total,45835,12464,16956,6889,6848,1973,533,107,65
2011,"Herefordshire, County of",E06000019,Total,78319,22540,29968,11451,9772,3317,978,196,97
2011,Shropshire,E06000051,Total,129674,37540,49377,19083,16308,5444,1497,296,129
2011,Stoke-on-Trent,E06000021,Total,107575,35357,35631,17258,12549,4452,1610,423,295
2011,Telford and Wrekin,E06000020,Total,66608,16793,23691,11579,9372,3666,1097,273,137
2011,Cannock Chase,E07000192,Total,40664,10940,14547,7095,5748,1712,498,88,36
2011,East Staffordshire,E07000193,Total,47251,13823,16652,7561,6031,2115,737,204,128
2011,Lichfield,E07000194,Total,41224,10024,16234,6754,5776,1811,479,95,51
2011,Newcastle-under-Lyme,E07000195,Total,52574,16236,18512,8564,6513,2045,534,115,55
2011,South Staffordshire,E07000196,Total,44458,11239,16981,7213,6581,1879,434,88,43
2011,Stafford,E07000197,Total,55703,16236,20827,8638,7147,2126,591,94,44
2011,Staffordshire Moorlands,E07000198,Total,41772,11747,16101,6497,5398,1521,391,80,37
2011,Tamworth,E07000199,Total,31617,8246,11227,5591,4548,1448,426,87,44
2011,North Warwickshire,E07000218,Total,25812,6776,9581,4338,3590,1149,284,65,29
2011,Nuneaton and Bedworth,E07000219,Total,52711,15090,18326,9002,7034,2302,751,156,50
2011,Rugby,E07000220,Total,41875,11784,15295,6727,5566,1887,464,102,50
2011,Stratford-on-Avon,E07000221,Total,51928,14804,20139,7625,6764,1967,490,97,42
2011,Warwick,E07000222,Total,58679,18600,20646,8406,7467,2368,834,216,142
2011,Birmingham,E08000025,Total,410736,131200,115438,62424,50272,26367,15550,4806,4679
2011,Coventry,E08000026,Total,128592,40148,40638,20733,16646,6827,2558,617,425
2011,Dudley,E08000027,Total,129867,36652,45175,21746,17603,5877,1975,476,363
2011,Sandwell,E08000028,Total,121498,35935,35998,20756,16496,7177,3469,954,713
2011,Solihull,E08000029,Total,86056,25102,29037,13668,12583,4051,1213,267,135
2011,Walsall,E08000030,Total,107822,30771,35208,17410,14457,5958,2711,779,528
2011,Wolverhampton,E08000031,Total,102177,32876,31053,16224,13054,5708,2312,606,344
2011,Bromsgrove,E07000234,Total,38290,10041,14422,6062,5686,1635,335,73,36
2011,Malvern Hills,E07000235,Total,32212,9555,12754,4485,3754,1232,343,61,28
2011,Redditch,E07000236,Total,34722,9282,12550,5709,4785,1647,526,134,89
2011,Worcester,E07000237,Total,42042,13135,14583,6422,5341,1772,585,131,73
2011,Wychavon,E07000238,Total,49466,12886,19811,7496,6697,1921,524,85,46
2011,Wyre Forest,E07000239,Total,42985,12890,16289,6615,5067,1575,417,83,49
2011,Bedford,E06000055,Total,63812,18396,21264,10534,8697,3236,1180,276,229
2011,Central Bedfordshire,E06000056,Total,104399,27030,37399,17957,15702,4747,1239,217,108
2011,Luton,E06000032,Total,74293,20319,20641,12413,10617,5292,3098,1004,909
2011,Peterborough,E06000031,Total,74023,21252,24505,11997,9868,3870,1706,455,370
2011,Southend-on-Sea,E06000033,Total,74678,24386,24848,11186,9501,3311,1076,236,134
2011,Thurrock,E06000034,Total,62353,16368,19584,11128,10184,3676,1054,246,113
2011,Cambridge,E07000008,Total,46714,15848,14791,7161,5721,2140,775,153,125
2011,East Cambridgeshire,E07000009,Total,34614,8893,12958,5577,5103,1560,419,68,36
2011,Fenland,E07000010,Total,40620,11576,15575,6137,4907,1675,560,121,69
2011,Huntingdonshire,E07000011,Total,69333,17691,26076,11000,10238,3205,870,166,87
2011,South Cambridgeshire,E07000012,Total,59960,14772,22332,9351,9555,2971,753,157,69
2011,Basildon,E07000066,Total,72746,21480,24094,11812,10564,3461,969,235,131
2011,Braintree,E07000067,Total,61043,16537,22087,9914,8726,2875,697,133,74
2011,Brentwood,E07000068,Total,30646,8853,10458,4715,4738,1466,348,49,19
2011,Castle Point,E07000069,Total,36440,9524,13588,5770,5170,1793,486,76,33
2011,Chelmsford,E07000070,Total,69667,19138,24829,11029,10339,3315,827,139,51
2011,Colchester,E07000071,Total,71634,20849,25631,11291,9661,3098,868,172,64
2011,Epping Forest,E07000072,Total,51991,15285,17318,8406,7595,2519,681,120,67
2011,Harlow,E07000073,Total,34620,10599,11168,5808,4828,1595,495,92,35
2011,Maldon,E07000074,Total,25817,6923,9731,3941,3684,1161,310,53,14
2011,Rochford,E07000075,Total,33564,8112,12425,5288,5465,1755,410,70,39
2011,Tendring,E07000076,Total,62105,20545,23752,8243,6232,2279,770,201,83
2011,Uttlesford,E07000077,Total,31316,7372,11409,5056,5136,1806,448,57,32
2011,Broxbourne,E07000095,Total,37658,10070,12104,6551,6211,2029,551,111,31
2011,Dacorum,E07000096,Total,59938,17275,20364,9520,8941,2885,715,159,79
2011,East Hertfordshire,E07000242,Total,56577,15722,19415,8954,9026,2696,629,102,33
2011,Hertsmere,E07000098,Total,39778,11148,12427,6598,6479,2289,660,112,65
2011,North Hertfordshire,E07000099,Total,53426,15494,18605,8435,7688,2406,634,113,51
2011,St Albans,E07000240,Total,56140,14988,18843,8609,9494,3115,838,154,99
2011,Stevenage,E07000243,Total,34898,10455,11019,6115,4908,1705,547,103,46
2011,Three Rivers,E07000102,Total,35108,9738,11341,5709,5747,1901,529,99,44
2011,Watford,E07000103,Total,36681,11392,11029,5838,5226,2041,832,189,134
2011,Welwyn Hatfield,E07000241,Total,43613,12533,13953,6878,6734,2566,744,147,58
2011,Breckland,E07000143,Total,54519,14150,22132,8278,6765,2235,730,133,96
2011,Broadland,E07000144,Total,53336,14087,21632,8111,6999,1948,446,84,29
2011,Great Yarmouth,E07000145,Total,42079,12571,15664,6541,4846,1702,579,119,57
2011,King`s Lynn and West Norfolk,E07000146,Total,62977,17116,25580,9365,7336,2443,833,187,117
2011,North Norfolk,E07000147,Total,46046,14320,19614,5796,4328,1390,455,95,48
2011,Norwich,E07000148,Total,60319,23020,20223,8168,5929,2086,693,146,54
2011,South Norfolk,E07000149,Total,52809,13870,21663,7680,6896,2021,529,107,43
2011,Babergh,E07000200,Total,37522,10570,14748,5383,4764,1575,380,81,21
2011,Forest Heath,E07000201,Total,25376,7238,9669,4082,3034,1013,263,54,23
2011,Ipswich,E07000202,Total,57298,18507,19242,9036,6959,2438,838,176,102
2011,Mid Suffolk,E07000203,Total,40306,10219,16364,5757,5599,1782,433,112,40
2011,St Edmundsbury,E07000204,Total,45802,12089,17756,7094,6154,2005,558,115,31
2011,Suffolk Coastal,E07000205,Total,53558,15645,21198,7024,6759,2221,523,132,56
2011,Waveney,E07000206,Total,50883,15745,19925,6812,5650,1919,628,142,62
2011,Camden,E09000007,Total,97534,39531,28215,13085,10245,4095,1511,495,357
2011,City of London,E09000001,Total,4385,2472,1356,339,153,36,17,7,5
2011,Hackney,E09000012,Total,101690,35635,28827,16124,11336,5317,2645,808,998
2011,Hammersmith and Fulham,E09000013,Total,80590,30148,24049,11863,9029,3430,1422,364,285
2011,Haringey,E09000014,Total,101955,32524,29431,16563,12753,6454,2720,815,695
2011,Islington,E09000019,Total,93556,36240,30161,13394,8400,3388,1392,351,230
2011,Kensington and Chelsea,E09000020,Total,78536,36524,22823,8855,6348,2720,920,230,116
2011,Lambeth,E09000022,Total,130017,44691,39789,21164,14670,6211,2520,592,380
2011,Lewisham,E09000023,Total,116091,39680,34220,17931,14707,6253,2438,500,362
2011,Newham,E09000025,Total,101519,26536,22164,16502,15211,10089,6842,2167,2008
2011,Southwark,E09000028,Total,120422,40307,36090,20904,13688,5707,2681,670,375
2011,Tower Hamlets,E09000030,Total,101257,35047,30440,13223,10124,5575,4051,1493,1304
2011,Wandsworth,E09000032,Total,130493,42106,43894,19970,15575,5753,2307,506,382
2011,Westminster,E09000033,Total,105772,47893,31340,12507,8301,3580,1542,345,264
2011,Barking and Dagenham,E09000002,Total,69681,19215,18641,12616,10516,5414,2329,507,443
2011,Barnet,E09000003,Total,135916,37957,38861,23078,21249,9089,3926,997,759
2011,Bexley,E09000004,Total,92604,25789,28734,15633,14650,5523,1743,349,183
2011,Brent,E09000005,Total,110286,30616,26666,19007,16509,9124,5302,1565,1497
2011,Bromley,E09000006,Total,130862,40815,41993,21331,18166,6504,1592,314,147
2011,Croydon,E09000008,Total,145010,43043,43020,25094,20435,8706,3341,837,534
2011,Ealing,E09000009,Total,124082,35329,31666,21170,19108,9533,4811,1298,1167
2011,Enfield,E09000010,Total,119916,33359,33792,20930,19313,8215,3097,689,521
2011,Greenwich,E09000011,Total,101045,32370,28490,16256,13828,6166,2804,653,478
2011,Harrow,E09000015,Total,84268,19008,23449,14861,15376,6934,3235,820,585
2011,Havering,E09000016,Total,97199,28215,31228,16132,14344,5252,1532,320,176
2011,Hillingdon,E09000017,Total,100214,25290,29274,17348,16715,7337,2945,748,557
2011,Hounslow,E09000018,Total,94902,25985,26019,16929,14224,6999,3224,844,678
2011,Kingston upon Thames,E09000021,Total,63639,18198,19807,10964,9719,3516,1084,224,127
2011,Merton,E09000024,Total,78757,22294,23958,13311,11747,4818,1906,441,282
2011,Redbridge,E09000026,Total,99105,25228,25902,16873,16194,8660,4130,1137,981
2011,Richmond upon Thames,E09000027,Total,79835,26008,25479,12428,11198,3607,902,133,80
2011,Sutton,E09000029,Total,78174,23749,23697,13350,11593,4155,1272,242,116
2011,Waltham Forest,E09000031,Total,96861,28756,24330,16875,14428,7235,3536,935,766
2011,Bracknell Forest,E06000036,Total,45878,12707,15522,7648,7185,2074,576,115,51
2011,Brighton and Hove,E06000043,Total,121540,44294,39817,17285,13244,4822,1613,297,168
2011,Isle of Wight,E06000046,Total,61085,19957,23439,8333,6208,2182,746,147,73
2011,Medway,E06000035,Total,106209,29434,34837,18384,15493,5545,1908,388,220
2011,Milton Keynes,E06000042,Total,98584,25546,32859,17221,14896,5456,1837,477,292
2011,Portsmouth,E06000044,Total,85473,27471,27470,13514,10686,4422,1435,299,176
2011,Reading,E06000038,Total,62869,19237,20410,9955,8066,3189,1382,361,269
2011,Slough,E06000039,Total,50766,14447,12370,8563,7812,4160,2180,678,556
2011,Southampton,E06000045,Total,98254,33241,31029,14638,11705,4846,1920,530,345
2011,West Berkshire,E06000037,Total,62340,16123,22607,10190,9502,2875,822,154,67
2011,Windsor and Maidenhead,E06000040,Total,58349,16554,19740,9227,8683,2902,885,204,154
2011,Wokingham,E06000041,Total,60332,14084,21502,10094,10397,3172,826,171,86
2011,Aylesbury Vale,E07000004,Total,69406,17612,25130,11111,10545,3457,1155,248,148
2011,Chiltern,E07000005,Total,36946,9179,13075,5858,6131,2040,517,85,61
2011,South Bucks,E07000006,Total,26514,7136,8966,4176,4038,1507,465,138,88
2011,Wycombe,E07000007,Total,67861,18138,23308,10326,10273,3801,1398,368,249
2011,Eastbourne,E07000061,Total,45012,16298,15808,5959,4579,1634,552,121,61
2011,Hastings,E07000062,Total,41159,15781,13369,5696,3890,1502,687,156,78
2011,Lewes,E07000063,Total,42181,12744,15853,6074,5165,1723,482,106,34
2011,Rother,E07000064,Total,40877,13889,15959,5065,3768,1396,610,137,53
2011,Wealden,E07000065,Total,62676,17279,24503,8934,8222,2708,818,142,70
2011,Basingstoke and Deane,E07000084,Total,69315,18298,25207,11407,10049,3173,930,160,91
2011,East Hampshire,E07000085,Total,47258,12182,17858,7353,6906,2171,622,118,48
2011,Eastleigh,E07000086,Total,52177,13934,19150,8428,7654,2229,586,136,60
2011,Fareham,E07000087,Total,46579,11814,18320,7461,6507,1839,465,132,41
2011,Gosport,E07000088,Total,35430,10566,12879,5516,4309,1543,450,114,53
2011,Hart,E07000089,Total,35510,7961,12987,5929,6224,1854,461,57,37
2011,Havant,E07000090,Total,51311,14675,19352,7797,6230,2209,770,192,86
2011,New Forest,E07000091,Total,76839,22210,30783,10849,9194,2772,802,155,74
2011,Rushmoor,E07000092,Total,36344,9291,11943,6269,5847,1987,690,202,115
2011,Test Valley,E07000093,Total,47626,11855,18527,7344,7010,2123,579,129,59
2011,Winchester,E07000094,Total,46865,12837,17404,6713,6846,2264,621,130,50
2011,Ashford,E07000105,Total,47787,12242,17251,7824,6955,2512,757,167,79
2011,Canterbury,E07000106,Total,60771,18085,21695,8932,7743,2998,1032,198,88
2011,Dartford,E07000107,Total,40081,11643,13168,6498,5987,2014,602,111,58
2011,Dover,E07000108,Total,48310,15276,17629,7234,5231,1840,769,204,127
2011,Gravesham,E07000109,Total,40431,11131,13015,6732,5978,2332,909,202,132
2011,Maidstone,E07000110,Total,63447,16452,23572,10266,9203,2860,856,160,78
2011,Sevenoaks,E07000111,Total,47020,12697,16663,7188,7345,2340,636,101,50
2011,Shepway,E07000112,Total,47379,15791,16985,6661,4881,1985,757,220,99
2011,Swale,E07000113,Total,55585,15128,19815,9266,7531,2738,862,170,75
2011,Thanet,E07000114,Total,59513,20646,20566,8516,6281,2312,861,204,127
2011,Tonbridge and Malling,E07000115,Total,48140,11553,17521,7955,7748,2513,663,131,56
2011,Tunbridge Wells,E07000116,Total,47174,13687,16342,7203,6467,2366,918,131,60
2011,Cherwell,E07000177,Total,56728,14307,20587,9470,8549,2613,907,179,116
2011,Oxford,E07000178,Total,55375,18316,16341,8555,7316,2980,1265,331,271
2011,South Oxfordshire,E07000179,Total,54104,13734,19966,8390,8586,2576,652,136,64
2011,Vale of White Horse,E07000180,Total,49407,13065,18258,7933,7177,2157,629,134,54
2011,West Oxfordshire,E07000181,Total,43241,11412,16431,6755,6153,1868,489,98,35
2011,Elmbridge,E07000207,Total,52922,14568,17450,8221,9102,2758,666,117,40
2011,Epsom and Ewell,E07000208,Total,29784,7730,9843,4975,5168,1558,402,72,36
2011,Guildford,E07000209,Total,53973,14422,18900,8678,8372,2715,686,144,56
2011,Mole Valley,E07000210,Total,35828,10477,12732,5302,5139,1640,439,63,36
2011,Reigate and Banstead,E07000211,Total,55423,15163,18958,8866,8777,2722,723,149,65
2011,Runnymede,E07000212,Total,32714,9836,10892,5156,4705,1539,456,89,41
2011,Spelthorne,E07000213,Total,39512,11262,13154,6677,5805,1936,501,123,54
2011,Surrey Heath,E07000214,Total,33546,7867,11953,5533,5771,1762,511,107,42
2011,Tandridge,E07000215,Total,33342,8909,11809,5118,5272,1641,476,87,30
2011,Waverley,E07000216,Total,49280,13698,17801,7437,7145,2448,592,103,56
2011,Woking,E07000217,Total,39467,10499,13130,6450,6280,2125,698,149,136
2011,Adur,E07000223,Total,26957,8553,9709,4126,3291,922,250,76,30
2011,Arun,E07000224,Total,66706,22020,25331,8942,7162,2293,717,159,82
2011,Chichester,E07000225,Total,49848,15948,18859,6551,5836,1951,570,93,40
2011,Crawley,E07000226,Total,42727,12129,13275,7275,6482,2398,882,180,106
2011,Horsham,E07000227,Total,54923,15476,20234,8246,7898,2303,606,102,58
2011,Mid Sussex,E07000228,Total,57409,15768,20325,9101,8678,2642,723,108,64
2011,Worthing,E07000229,Total,47044,16890,15807,6424,5565,1647,572,97,42
2011,Bath and North East Somerset,E06000022,Total,73515,22535,26034,10483,9959,3327,908,183,86
2011,Bournemouth,E06000028,Total,82374,30390,27575,11034,8664,3163,1135,252,161
2011,"Bristol, City of",E06000023,Total,182747,61607,60565,26593,21192,7932,3326,872,660
2011,Cornwall,E06000052,Total,230389,69269,87823,33313,26863,9046,3146,604,325
2011,Isles of Scilly,E06000053,Total,989,336,378,122,114,32,4,1,2
2011,North Somerset,E06000024,Total,88227,27115,33000,12468,11081,3406,900,156,101
2011,Plymouth,E06000026,Total,109307,34317,38502,16644,12859,4667,1671,381,266
2011,Poole,E06000029,Total,63530,19134,23517,9589,7772,2492,745,183,98
2011,South Gloucestershire,E06000025,Total,107538,28554,38898,17056,16507,4961,1228,238,96
2011,Swindon,E06000030,Total,88360,26143,30472,14261,11989,3813,1176,316,190
2011,Torbay,E06000027,Total,59010,20192,21959,7953,5879,2108,689,149,81
2011,Wiltshire,E06000054,Total,194194,51845,74250,30011,26671,8556,2239,423,199
2011,East Devon,E07000040,Total,59071,18269,24150,7479,6318,2110,598,95,52
2011,Exeter,E07000041,Total,49242,16555,16572,7042,5922,2089,763,191,108
2011,Mid Devon,E07000042,Total,32758,8995,12585,4895,4212,1509,409,101,52
2011,North Devon,E07000043,Total,40001,11846,15343,5620,4746,1710,574,108,54
2011,South Hams,E07000044,Total,36858,11242,14754,4887,4147,1331,387,74,36
2011,Teignbridge,E07000045,Total,54003,16222,21121,7600,6300,1982,593,120,65
2011,Torridge,E07000046,Total,27986,8402,11156,3746,3119,1099,344,81,39
2011,West Devon,E07000047,Total,22725,6414,9260,3044,2709,949,260,56,33
2011,Christchurch,E07000048,Total,21475,6856,8396,2703,2414,830,220,42,14
2011,East Dorset,E07000049,Total,37564,9820,15987,5193,4648,1420,395,65,36
2011,North Dorset,E07000050,Total,28670,8095,11492,4020,3485,1129,342,78,29
2011,Purbeck,E07000051,Total,19583,5699,7825,2699,2296,775,227,39,23
2011,West Dorset,E07000052,Total,44386,14161,17794,5733,4585,1563,437,77,36
2011,Weymouth and Portland,E07000053,Total,28535,9138,10699,4076,3089,1084,355,64,30
2011,Cheltenham,E07000078,Total,50929,17735,17716,6822,5921,1942,570,140,83
2011,Cotswold,E07000079,Total,36236,10959,14134,4917,4395,1388,335,79,29
2011,Forest of Dean,E07000080,Total,34167,9226,13393,5073,4390,1518,414,93,60
2011,Gloucester,E07000081,Total,50363,14695,17072,8183,6971,2409,758,178,97
2011,Stroud,E07000082,Total,47794,13472,18175,6771,6504,2133,571,118,50
2011,Tewkesbury,E07000083,Total,35126,9858,13628,5135,4602,1417,396,63,27
2011,Mendip,E07000187,Total,46157,13809,17069,6711,5835,2029,549,102,53
2011,Sedgemoor,E07000188,Total,48801,13844,18714,7221,6107,2085,634,131,65
2011,South Somerset,E07000189,Total,69501,20491,26957,9912,8346,2745,804,178,68
2011,Taunton Deane,E07000190,Total,46907,14181,17397,6934,5858,1844,531,102,60
2011,West Somerset,E07000191,Total,15623,5212,6432,1824,1404,513,165,54,19
2011,Anglesey,W06000001,Total,30594,9888,10941,4380,3541,1365,369,75,35
2011,Gwynedd,W06000002,Total,52473,18548,17299,6990,5954,2535,844,195,108
2011,Conwy,W06000003,Total,51177,17297,18668,6881,5529,1977,636,127,62
2011,Denbighshire,W06000004,Total,40546,12714,14668,5783,4890,1722,565,150,54
2011,Flintshire,W06000005,Total,63781,17477,23014,10427,8845,2947,834,166,71
2011,Wrexham,W06000006,Total,57029,16817,19782,9421,7708,2383,687,156,75
2011,Powys,W06000023,Total,58345,18359,22160,7770,6562,2515,746,159,74
2011,Ceredigion,W06000008,Total,31562,10456,11257,4267,3413,1399,539,137,94
2011,Pembrokeshire,W06000009,Total,53122,16392,19972,7352,6153,2303,744,141,65
2011,Carmarthenshire,W06000010,Total,78829,23770,28636,12131,9558,3366,1047,211,110
2011,Swansea,W06000011,Total,103497,34485,34757,15533,12524,4308,1367,352,171
2011,Neath Port Talbot,W06000012,Total,60393,18259,20910,10326,7835,2317,583,120,43
2011,Bridgend,W06000013,Total,58515,16472,20919,10151,7791,2423,596,114,49
2011,The Vale of Glamorgan,W06000014,Total,53505,15851,18868,8654,6988,2357,609,129,49
2011,Cardiff,W06000015,Total,142557,47141,45206,21363,17882,6828,2754,800,583
2011,"Rhondda, Cynon, Taff",W06000016,Total,99663,29875,33674,17205,13365,4102,1153,198,91
2011,Merthyr Tydfil,W06000024,Total,24264,6559,8321,4454,3441,1074,309,80,26
2011,Caerphilly,W06000018,Total,74479,20196,26235,13195,10278,3440,878,171,86
2011,Blaenau Gwent,W06000019,Total,30416,9608,10185,5364,3716,1103,346,63,31
2011,Torfaen,W06000020,Total,38524,11163,13408,6547,5156,1641,469,75,65
2011,Monmouthshire,W06000021,Total,38233,10592,14388,5862,5084,1686,477,82,62
2011,Newport,W06000022,Total,61172,18849,20359,9596,8065,2920,1046,210,127
