Area code,Area,All categories: Ethnic group,White british,White irish,White: Gypsy or Irish Traveller,White other,Mixed white and black Caribbean,Mixed white and black African,Mixed white and asian,Mixed other,Asian/Asian British: indian,Asian/Asian British: Pakistani,Asian/Asian British: bangladeshi,Chinese,Asian/Asian British: other,Black/Black British: African,Black/black British: Caribbean,Black/black British: other,Other ethnic group: Arab,Other ethnic group: Any other ethnic group,Other ethnic group
K04000001,ENGLAND AND WALES,56075912,80.5,0.9,0.1,4.4,0.8,0.3,0.6,0.5,2.5,2,0.8,0.7,1.5,1.8,1.1,0.5,0.4,0.6,1.1
,,,,,,,,,,,,,,,,,,,,,0
E92000001,ENGLAND,53012456,79.8,1,0.1,4.6,0.8,0.3,0.6,0.5,2.6,2.1,0.8,0.7,1.5,1.8,1.1,0.5,0.4,0.6,1.1
,,,,,,,,,,,,,,,,,,,,,0
E12000001,NORTH EAST,2596886,93.6,0.3,0.1,1.3,0.2,0.1,0.3,0.2,0.6,0.8,0.4,0.6,0.5,0.4,0,0,0.2,0.2,0.5
,,,,,,,,,,,,,,,,,,,,,0
E06000047,County Durham UA,513242,96.6,0.2,0.1,1.2,0.2,0.1,0.2,0.1,0.3,0.1,0,0.3,0.2,0.1,0,0,0.1,0.1,0.3
E06000005,Darlington UA,105564,93.7,0.3,0.3,1.9,0.4,0.1,0.3,0.2,0.7,0.1,0.5,0.3,0.4,0.2,0.1,0,0.1,0.1,0.5
E06000001,Hartlepool UA,92028,96.6,0.2,0,0.8,0.2,0.1,0.2,0.2,0.3,0.3,0.2,0.2,0.3,0.1,0,0,0.1,0.1,0.2
E06000002,Middlesbrough UA,138412,86.1,0.4,0.1,1.7,0.4,0.3,0.7,0.3,1.1,4.9,0.2,0.7,1,1.1,0.1,0.1,0.7,0.4,1.2
E06000048,Northumberland UA,316028,97.2,0.3,0,0.9,0.2,0.1,0.2,0.1,0.3,0.1,0.1,0.1,0.2,0.1,0,0,0,0.1,0.1
E06000003,Redcar and Cleveland UA,135177,97.6,0.3,0.1,0.6,0.2,0.1,0.2,0.1,0.1,0.2,0.1,0.1,0.2,0.1,0,0,0,0.1,0.2
E06000004,Stockton-on-Tees UA,191610,93.4,0.3,0.1,0.9,0.2,0.2,0.4,0.2,0.8,1.6,0.1,0.5,0.6,0.5,0,0.1,0.1,0.2,0.4
,,,,,,,,,,,,,,,,,,,,,0
E11000004,Tyne and Wear (Met County),1104825,91.5,0.4,0,1.6,0.2,0.2,0.3,0.2,0.9,0.8,0.8,0.9,0.8,0.7,0.1,0.1,0.4,0.3,0.7
E08000020,Gateshead,200214,94.1,0.3,0,1.9,0.2,0.1,0.3,0.2,0.5,0.3,0.1,0.5,0.5,0.5,0,0,0.1,0.4,0.5
E08000021,Newcastle upon Tyne,280177,81.9,0.7,0.1,2.9,0.3,0.3,0.6,0.4,1.8,2.3,1.7,2.2,1.8,1.7,0.1,0.1,0.9,0.5,1.5
E08000022,North Tyneside,200801,95.1,0.3,0,1.2,0.2,0.2,0.3,0.2,0.5,0.2,0.3,0.4,0.4,0.3,0,0,0.1,0.1,0.2
E08000023,South Tyneside,148127,95.1,0.2,0,0.7,0.2,0.2,0.3,0.2,0.4,0.3,1,0.2,0.3,0.2,0,0,0.4,0.3,0.7
E08000024,Sunderland,275506,94.8,0.2,0,0.9,0.2,0.1,0.2,0.1,0.6,0.2,0.8,0.6,0.5,0.4,0,0,0.1,0.2,0.3
,,,,,,,,,,,,,,,,,,,,,0
E12000002,NORTH WEST ,7052177,87.1,0.9,0.1,2.1,0.6,0.3,0.4,0.3,1.5,2.7,0.7,0.7,0.7,0.8,0.3,0.2,0.3,0.3,0.7
,,,,,,,,,,,,,,,,,,,,,0
E06000008,Blackburn with Darwen UA,147489,66.5,0.5,0.1,2,0.2,0.1,0.7,0.2,13.4,12.1,1,0.5,1.1,0.4,0.1,0.1,0.4,0.4,0.9
E06000009,Blackpool UA,142065,93.6,0.7,0.2,2.1,0.5,0.2,0.3,0.2,0.4,0.2,0.2,0.4,0.5,0.1,0.1,0,0.1,0.1,0.4
E06000049,Cheshire East UA,370127,93.6,0.6,0.1,2.5,0.4,0.1,0.3,0.2,0.6,0.2,0.1,0.3,0.4,0.2,0.1,0.1,0.1,0.1,0.3
E06000050,Cheshire West and Chester UA,329608,94.7,0.7,0.1,2,0.3,0.1,0.3,0.2,0.4,0.1,0.2,0.3,0.3,0.2,0.1,0,0.1,0.1,0.3
E06000006,Halton UA,125746,96.4,0.5,0,0.9,0.4,0.2,0.3,0.2,0.2,0,0,0.2,0.2,0.1,0.1,0,0,0.1,0.1
E06000007,Warrington UA,202228,92.9,0.7,0,2.3,0.3,0.2,0.3,0.2,0.9,0.6,0.1,0.4,0.5,0.2,0.1,0,0.1,0.1,0.2
,,,,,,,,,,,,,,,,,,,,,0
E10000006,Cumbria ,499858,96.5,0.3,0.1,1.7,0.2,0.1,0.2,0.1,0.2,0.1,0.1,0.2,0.2,0.1,0,0,0,0.1,0.2
E07000026,Allerdale,96422,97.6,0.2,0,1.1,0.1,0,0.2,0.1,0.1,0,0.1,0.1,0.2,0,0,0,0,0.1,0.1
E07000027,Barrow-in-Furness,69087,97.1,0.3,0.1,0.9,0.2,0.1,0.2,0.1,0.2,0.1,0.1,0.3,0.3,0.1,0,0,0.1,0.1,0.3
E07000028,Carlisle,107524,95,0.4,0.2,2.5,0.1,0.1,0.2,0.1,0.3,0.1,0.2,0.3,0.3,0.1,0,0,0,0.1,0.3
E07000029,Copeland,70603,97.3,0.3,0,0.9,0.2,0.1,0.2,0.1,0.2,0.1,0.1,0.2,0.3,0.1,0,0,0,0.1,0.1
E07000030,Eden,52564,97,0.3,0,1.6,0.1,0,0.2,0.1,0.1,0,0.1,0.2,0.2,0,0,0,0,0,0
E07000031,South Lakeland,103658,95.6,0.3,0,2.4,0.2,0.1,0.2,0.1,0.2,0,0.1,0.3,0.2,0.1,0.1,0,0,0.1,0.1
,,,,,,,,,,,,,,,,,,,,,0
E11000001,Greater Manchester (Met County),2682528,79.8,1.3,0.1,2.6,0.9,0.4,0.6,0.4,2,4.8,1.3,1,1.1,1.7,0.7,0.4,0.6,0.5,1.2
E08000001,Bolton,276786,79.4,0.6,0.1,1.8,0.6,0.2,0.7,0.3,7.8,4.3,0.2,0.5,1.1,1.2,0.2,0.2,0.3,0.4,0.8
E08000002,Bury,185060,85.3,1.3,0,2.5,0.7,0.2,0.5,0.3,0.7,4.9,0.2,0.6,0.9,0.6,0.3,0.1,0.3,0.5,0.8
E08000003,Manchester,503127,59.3,2.4,0.1,4.9,1.8,0.9,1,1,2.3,8.5,1.3,2.7,2.3,5.1,1.9,1.6,1.9,1.2,3.2
E08000004,Oldham,224897,75.6,0.7,0,1.3,0.9,0.2,0.5,0.2,0.7,10.1,7.3,0.3,0.8,0.7,0.4,0.1,0.1,0.2,0.3
E08000005,Rochdale,211699,78.6,1,0.1,1.9,0.5,0.3,0.6,0.3,0.5,10.5,2.1,0.4,1.4,1,0.1,0.2,0.1,0.3,0.5
E08000006,Salford,233933,84.4,1.2,0.1,4.4,0.7,0.5,0.4,0.4,1.1,0.8,0.3,1.1,0.8,2.3,0.3,0.2,0.6,0.5,1.2
E08000007,Stockport,283275,89,1.4,0,1.7,0.6,0.3,0.5,0.4,1,2.4,0.2,0.6,0.7,0.3,0.3,0.1,0.3,0.3,0.6
E08000008,Tameside,219324,88.5,0.7,0,1.7,0.6,0.2,0.4,0.2,1.7,2.2,2,0.4,0.3,0.5,0.2,0.1,0.1,0.1,0.2
E08000009,Trafford,226578,80.4,2.2,0,2.9,1.2,0.3,0.7,0.5,2.8,3.1,0.2,1,0.9,0.8,1.7,0.4,0.6,0.4,1
E08000010,Wigan,317849,95.5,0.5,0,1.3,0.3,0.1,0.2,0.2,0.3,0.2,0,0.3,0.3,0.4,0.1,0,0.1,0.1,0.2
,,,,,,,,,,,,,,,,,,,,,0
E10000017,Lancashire ,1171339,89.7,0.6,0.1,1.9,0.4,0.1,0.4,0.2,1.6,3.1,0.5,0.4,0.4,0.2,0.2,0,0.1,0.1,0.3
E07000117,Burnley,87059,85.5,0.6,0,1.2,0.3,0.1,0.5,0.2,0.4,6.8,2.8,0.3,0.8,0.1,0.1,0,0.1,0.2,0.3
E07000118,Chorley,107155,95.1,0.5,0.1,1.2,0.4,0.1,0.3,0.2,0.6,0.5,0.1,0.2,0.2,0.1,0.2,0,0.1,0.1,0.3
E07000119,Fylde,75757,95.1,0.6,0,1.7,0.3,0.1,0.3,0.2,0.4,0.2,0,0.3,0.3,0.1,0.1,0.1,0.1,0.1,0.2
E07000120,Hyndburn,80734,85.3,0.5,0.1,1.7,0.2,0,0.4,0.2,0.3,9.3,0.5,0.3,0.6,0.1,0.1,0,0.1,0.1,0.3
E07000121,Lancaster,138375,91.5,0.6,0.2,3.3,0.3,0.1,0.3,0.2,0.9,0.3,0.2,0.9,0.4,0.3,0.1,0,0.1,0.1,0.4
E07000122,Pendle,89452,77.2,0.5,0,2.1,0.2,0.1,0.7,0.2,0.3,17.1,0.4,0.3,0.7,0.1,0.1,0,0.1,0.1,0.2
E07000123,Preston,140202,75.8,0.8,0.1,3.5,1.2,0.2,0.7,0.3,10.3,3.2,0.3,0.9,0.9,0.5,0.6,0.1,0.4,0.3,0.8
E07000124,Ribble Valley,57132,95.8,0.6,0,1.4,0.2,0.1,0.3,0.1,0.4,0.5,0.1,0.2,0.2,0.1,0,0,0,0.1,0.1
E07000125,Rossendale,67982,92,0.8,0.1,1,0.3,0.1,0.3,0.2,0.3,1.7,2.4,0.3,0.3,0.1,0.1,0,0.1,0.1,0.3
E07000126,South Ribble,109057,95.3,0.6,0,1.2,0.5,0.1,0.4,0.2,0.7,0.2,0,0.3,0.2,0.1,0.1,0,0.1,0.1,0.2
E07000127,West Lancashire,110685,95.6,0.5,0,2,0.2,0.1,0.2,0.2,0.4,0.1,0,0.2,0.2,0.1,0,0,0.1,0.1,0.2
E07000128,Wyre,107749,96.8,0.5,0.1,0.9,0.2,0.1,0.2,0.1,0.2,0.1,0.1,0.3,0.3,0.1,0,0,0,0.1,0.2
,,,,,,,,,,,,,,,,,,,,,0
E11000002,Merseyside (Met County),1381189,91.8,1,0,1.7,0.5,0.4,0.3,0.4,0.6,0.2,0.2,0.8,0.4,0.7,0.1,0.2,0.5,0.3,0.8
E08000011,Knowsley,145893,96.1,0.5,0,0.7,0.5,0.4,0.3,0.2,0.3,0.1,0,0.3,0.3,0.2,0.1,0.1,0.1,0.1,0.2
E08000012,Liverpool,466415,84.8,1.4,0,2.6,0.7,0.7,0.5,0.6,1.1,0.4,0.2,1.7,0.7,1.8,0.3,0.5,1.2,0.6,1.8
E08000014,Sefton,273790,94.8,0.8,0,1.7,0.3,0.2,0.3,0.3,0.2,0,0.1,0.4,0.2,0.2,0.1,0,0.1,0.1,0.2
E08000013,St. Helens,175308,96.6,0.5,0,0.9,0.3,0.1,0.2,0.2,0.3,0.1,0.1,0.3,0.3,0.1,0,0,0.1,0.1,0.2
E08000015,Wirral,319783,95,0.8,0,1.2,0.3,0.2,0.3,0.3,0.4,0.1,0.3,0.5,0.3,0.1,0.1,0,0.1,0.1,0.2
,,,,,,,,,,,,,,,,,,,,,0
E12000003,YORKSHIRE AND THE HUMBER,5283733,85.8,0.5,0.1,2.5,0.6,0.2,0.5,0.3,1.3,4.3,0.4,0.5,0.8,0.9,0.4,0.2,0.4,0.4,0.9
,,,,,,,,,,,,,,,,,,,,,0
E06000011,East Riding of Yorkshire UA,334179,96.1,0.3,0.1,1.6,0.2,0.1,0.2,0.1,0.3,0.1,0,0.2,0.2,0.1,0.1,0,0.1,0.1,0.3
E06000010,Kingston upon Hull,256406,89.7,0.2,0.1,4.1,0.3,0.3,0.4,0.3,0.4,0.3,0.3,0.8,0.6,1,0.1,0.1,0.4,0.4,0.9
E06000012,North East Lincolnshire UA,159616,95.4,0.3,0,1.7,0.2,0.1,0.2,0.2,0.3,0.1,0.2,0.4,0.3,0.2,0,0,0.2,0.1,0.3
E06000013,North Lincolnshire UA,167446,92.3,0.4,0.1,3.2,0.2,0.1,0.3,0.2,0.7,0.5,0.9,0.3,0.4,0.2,0,0,0.1,0.1,0.3
E06000014,York UA,198051,90.2,0.6,0.1,3.4,0.3,0.2,0.4,0.4,0.8,0.2,0.2,1.2,1,0.5,0.1,0,0.3,0.2,0.6
,,,,,,,,,,,,,,,,,,,,,0
E10000023,North Yorkshire ,598376,94.4,0.4,0.1,2.4,0.2,0.1,0.3,0.2,0.3,0.1,0,0.3,0.5,0.2,0.1,0.1,0.1,0.1,0.3
E07000163,Craven,55409,95.4,0.4,0.1,1.5,0.2,0.1,0.3,0.1,0.3,0.9,0.1,0.2,0.3,0.1,0,0,0,0,0.1
E07000164,Hambleton,89140,96.3,0.3,0.1,1.5,0.2,0.1,0.3,0.1,0.2,0.1,0,0.1,0.2,0.1,0,0.1,0.1,0.1,0.3
E07000165,Harrogate,157869,91.7,0.5,0.1,4.1,0.3,0.2,0.4,0.3,0.4,0.1,0,0.6,0.5,0.4,0.1,0.2,0.1,0.2,0.4
E07000166,Richmondshire,51965,93.4,0.4,0,1.6,0.3,0.1,0.2,0.3,0.1,0.1,0,0.2,2,0.5,0.2,0.3,0,0.3,0.3
E07000167,Ryedale,51751,96.2,0.5,0.2,1.8,0.2,0.1,0.2,0.1,0.1,0,0,0.2,0.3,0.1,0,0,0,0,0.2
E07000168,Scarborough,108793,95.2,0.3,0,2,0.2,0.1,0.3,0.2,0.4,0.2,0.1,0.3,0.4,0.2,0,0,0.1,0.1,0.2
E07000169,Selby,83449,95.5,0.4,0.2,2.3,0.2,0.1,0.3,0.1,0.2,0,0,0.2,0.2,0.2,0,0,0,0,0.2
,,,,,,,,,,,,,,,,,,,,,0
E11000003,South Yorkshire (Met County),1343601,88.1,0.4,0.1,2.1,0.6,0.2,0.4,0.3,0.7,2.4,0.3,0.7,0.7,1.2,0.5,0.3,0.7,0.4,1.2
E08000016,Barnsley,231221,96.1,0.2,0.1,1.5,0.3,0.1,0.2,0.2,0.2,0.1,0,0.2,0.2,0.4,0.1,0,0.1,0.1,0.3
E08000017,Doncaster,302402,91.8,0.4,0.2,2.8,0.5,0.1,0.3,0.2,0.6,0.9,0,0.4,0.6,0.4,0.3,0.1,0.1,0.3,0.6
E08000018,Rotherham,257280,91.9,0.3,0,1.3,0.3,0.1,0.3,0.2,0.4,3,0,0.2,0.5,0.6,0.1,0.1,0.2,0.3,0.5
E08000019,Sheffield,552698,80.8,0.5,0.1,2.3,1,0.2,0.6,0.6,1.1,4,0.6,1.3,1,2.1,1,0.5,1.5,0.7,2.3
,,,,,,,,,,,,,,,,,,,,,0
E11000006,West Yorkshire (Met County),2226058,78.4,0.7,0.1,2.6,0.9,0.2,0.7,0.3,2.4,8.5,0.7,0.5,1,1.1,0.7,0.3,0.4,0.5,1
E08000032,Bradford,522452,63.9,0.5,0.1,3,0.9,0.2,1.1,0.3,2.6,20.4,1.9,0.4,1.5,1,0.7,0.1,0.7,0.8,1.6
E08000033,Calderdale,203826,86.7,0.9,0,2.1,0.5,0.1,0.4,0.3,0.6,6.8,0.3,0.2,0.4,0.2,0.2,0,0.1,0.2,0.3
E08000034,Kirklees,422458,76.7,0.6,0,1.8,1.2,0.2,0.6,0.3,4.9,9.9,0.2,0.3,0.7,0.6,1.1,0.2,0.3,0.4,0.7
E08000035,Leeds,751485,81.1,0.9,0.1,2.9,1.2,0.3,0.7,0.5,2.1,3,0.6,0.8,1.2,2,0.9,0.6,0.5,0.6,1.2
E08000036,Wakefield,325837,92.8,0.3,0.1,2.3,0.3,0.1,0.3,0.2,0.5,1.5,0,0.3,0.4,0.6,0.1,0.1,0.1,0.2,0.4
,,,,,,,,,,,,,,,,,,,,,0
E12000004,EAST MIDLANDS,4533222,85.4,0.6,0.1,3.2,0.9,0.2,0.5,0.3,3.7,1.1,0.3,0.5,0.8,0.9,0.6,0.2,0.2,0.4,0.7
,,,,,,,,,,,,,,,,,,,,,0
E06000015,Derby UA,248752,75.3,0.9,0.1,3.9,1.6,0.2,0.7,0.4,4.4,5.9,0.3,0.5,1.5,1.3,1.4,0.3,0.3,1,1.4
E06000016,Leicester UA,329839,45.1,0.8,0.1,4.6,1.4,0.4,1,0.7,28.3,2.4,1.1,1.3,4,3.8,1.5,1,1,1.6,2.7
E06000018,Nottingham UA,305680,65.4,0.9,0.1,5.1,4,0.7,1.1,0.9,3.2,5.5,0.3,2,2.1,3.2,3.1,1,0.8,0.7,1.6
E06000017,Rutland UA,37369,94.3,0.6,0.2,2.1,0.3,0.1,0.4,0.3,0.3,0.1,0,0.3,0.2,0.3,0.3,0.1,0,0.2,0.4
,,,,,,,,,,,,,,,,,,,,,0
E10000007,Derbyshire ,769686,95.8,0.4,0,1.2,0.4,0.1,0.3,0.2,0.5,0.1,0,0.2,0.2,0.2,0.1,0,0,0.1,0.1
E07000032,Amber Valley,122309,96.5,0.3,0,1.3,0.4,0.1,0.2,0.1,0.3,0.1,0,0.2,0.2,0.1,0.1,0,0,0.1,0.1
E07000033,Bolsover,75866,96.3,0.3,0.1,1.5,0.3,0.1,0.2,0.1,0.3,0.1,0,0.2,0.2,0.2,0.1,0.1,0,0,0.1
E07000034,Chesterfield,103788,94.9,0.4,0,1.3,0.5,0.1,0.3,0.2,0.5,0.3,0.1,0.4,0.3,0.4,0.3,0.1,0.1,0.1,0.2
E07000035,Derbyshire Dales,71116,96.8,0.5,0,1.3,0.2,0.1,0.2,0.1,0.1,0.1,0,0.1,0.2,0,0.1,0,0,0.1,0.1
E07000036,Erewash,112081,95.2,0.5,0,1.3,0.7,0.1,0.2,0.2,0.7,0.1,0,0.2,0.2,0.1,0.3,0.1,0,0.1,0.1
E07000037,High Peak,90892,95.9,0.7,0,1.3,0.4,0.1,0.3,0.2,0.2,0.1,0,0.3,0.3,0.1,0.1,0,0,0.1,0.1
E07000038,North East Derbyshire,99023,96.9,0.3,0.1,0.8,0.3,0.1,0.3,0.1,0.4,0.1,0,0.2,0.1,0.2,0.1,0,0,0.1,0.2
E07000039,South Derbyshire,94611,94,0.4,0.1,1.2,0.5,0.1,0.4,0.2,1.7,0.2,0,0.2,0.3,0.2,0.2,0,0,0.2,0.3
,,,,,,,,,,,,,,,,,,,,,0
E10000018,Leicestershire ,650489,88.9,0.5,0.1,1.9,0.5,0.1,0.5,0.2,4.4,0.3,0.4,0.5,0.7,0.3,0.2,0.1,0.1,0.3,0.5
E07000129,Blaby,93915,88.5,0.6,0.1,1.8,0.7,0.1,0.5,0.3,4.7,0.3,0,0.5,0.6,0.4,0.4,0.1,0.1,0.3,0.5
E07000130,Charnwood,166100,84.3,0.6,0,2.5,0.5,0.1,0.6,0.3,6.2,0.3,1.2,1.2,0.9,0.5,0.2,0.1,0.3,0.3,0.6
E07000131,Harborough,85382,92.8,0.6,0.1,1.8,0.4,0.1,0.4,0.2,2.2,0.2,0.1,0.3,0.4,0.2,0.1,0,0,0.2,0.3
E07000132,Hinckley and Bosworth,105078,94.6,0.4,0.1,1.3,0.3,0.1,0.4,0.2,1.3,0.2,0.1,0.3,0.3,0.1,0.1,0,0.1,0.1,0.3
E07000133,Melton,50376,95,0.5,0,2.4,0.3,0.1,0.3,0.2,0.5,0,0,0.2,0.3,0.1,0.1,0,0,0.1,0.1
E07000134,North West Leicestershire,93468,95.3,0.4,0.1,1.7,0.4,0.1,0.3,0.2,0.6,0,0,0.2,0.3,0.1,0.1,0,0,0.1,0.2
E07000135,Oadby and Wigston,56170,70.6,0.7,0,1.7,0.7,0.2,0.9,0.4,17.7,1.9,0.2,0.6,1.9,0.5,0.5,0.1,0.3,1.1,1.4
,,,,,,,,,,,,,,,,,,,,,0
E10000019,Lincolnshire,713653,93,0.5,0.1,4,0.3,0.1,0.3,0.2,0.3,0.1,0.1,0.2,0.3,0.2,0.1,0.1,0.1,0.1,0.3
E07000136,Boston,64637,83.9,0.3,0.1,12.5,0.3,0.2,0.3,0.3,0.6,0.2,0.1,0.2,0.3,0.3,0.1,0.1,0.1,0.2,0.4
E07000137,East Lindsey,136401,96.6,0.4,0,1.5,0.3,0.1,0.2,0.1,0.2,0,0.1,0.1,0.1,0.1,0.1,0,0,0,0
E07000138,Lincoln,93541,89.4,0.8,0.1,5.3,0.4,0.2,0.4,0.3,0.6,0.1,0.1,0.5,0.6,0.5,0.2,0.1,0.2,0.2,0.5
E07000139,North Kesteven,107766,95.9,0.5,0.1,1.8,0.2,0.1,0.2,0.2,0.2,0,0.1,0.2,0.2,0.1,0.1,0,0,0.1,0.2
E07000140,South Holland,88270,90.1,0.3,0.1,7.3,0.3,0.2,0.3,0.2,0.3,0.1,0.1,0.2,0.2,0.2,0.1,0.1,0,0.1,0.2
E07000141,South Kesteven,133788,93.6,0.5,0.1,3.3,0.3,0.1,0.2,0.2,0.4,0.1,0,0.3,0.4,0.2,0.1,0,0,0.1,0.2
E07000142,West Lindsey,89250,96.3,0.5,0.2,1.2,0.2,0.1,0.2,0.2,0.4,0.1,0,0.1,0.2,0.1,0.1,0,0,0,0.2
,,,,,,,,,,,,,,,,,,,,,0
E10000021,Northamptonshire,691952,85.7,1,0.1,4.7,0.9,0.3,0.5,0.4,1.8,0.3,0.6,0.4,0.5,1.4,0.8,0.3,0.1,0.3,0.5
E07000150,Corby,61255,85,1.4,0,9.1,0.4,0.2,0.4,0.4,0.6,0.1,0.2,0.2,0.3,1.3,0.2,0.2,0,0.1,0.1
E07000151,Daventry,77843,93.1,0.7,0.1,2.7,0.5,0.1,0.4,0.2,0.7,0.2,0.1,0.2,0.3,0.3,0.3,0.1,0,0.1,0.2
E07000152,East Northamptonshire,86765,93.5,0.7,0.1,2.5,0.4,0.1,0.3,0.3,0.6,0.1,0,0.3,0.3,0.4,0.2,0.1,0,0.1,0.2
E07000153,Kettering,93475,89.3,0.7,0.2,3.7,0.4,0.2,0.4,0.3,1.9,0.2,0.1,0.3,0.7,0.7,0.2,0.1,0.2,0.3,0.7
E07000154,Northampton,212069,76.6,1.4,0.1,6.5,1.5,0.5,0.6,0.7,2.5,0.7,1.6,0.8,0.9,3.1,1.4,0.6,0.3,0.4,0.8
E07000155,South Northamptonshire,85189,94.1,0.7,0,2.2,0.3,0.2,0.4,0.3,0.7,0.1,0.1,0.2,0.3,0.2,0.2,0.1,0,0.1,0.1
E07000156,Wellingborough,75356,81.3,0.8,0.1,5.1,1.6,0.3,0.5,0.5,4.1,0.4,0.7,0.2,0.5,1.2,1.9,0.5,0.1,0.3,0.5
,,,,,,,,,,,,,,,,,,,,,0
E10000024,Nottinghamshire ,785802,92.6,0.5,0.1,2.3,0.7,0.1,0.3,0.2,0.9,0.4,0.1,0.4,0.4,0.2,0.4,0.1,0.1,0.2,0.4
E07000170,Ashfield,119497,96,0.3,0,1.3,0.5,0.1,0.2,0.2,0.3,0.1,0.1,0.2,0.3,0.2,0.2,0.1,0,0.1,0.1
E07000171,Bassetlaw,112863,94.5,0.3,0.1,2.4,0.4,0.1,0.2,0.2,0.4,0.3,0.1,0.2,0.2,0.2,0.2,0.1,0,0.1,0.2
E07000172,Broxtowe,109487,89.5,0.6,0,2.7,0.8,0.1,0.4,0.3,1.6,0.7,0.1,1,0.7,0.4,0.4,0.1,0.4,0.2,0.6
E07000173,Gedling,113543,90.3,0.8,0,1.9,1.3,0.2,0.5,0.3,1.2,0.8,0.1,0.4,0.5,0.3,1,0.1,0.1,0.2,0.3
E07000174,Mansfield,104466,93.2,0.4,0,3.5,0.5,0.1,0.2,0.2,0.5,0.1,0.2,0.2,0.2,0.1,0.2,0.1,0,0.1,0.1
E07000175,Newark and Sherwood,114817,94.2,0.6,0.2,2.5,0.4,0.1,0.3,0.2,0.3,0.1,0.1,0.2,0.2,0.1,0.2,0.1,0,0.1,0.3
E07000176,Rushcliffe,111129,90.3,0.7,0,2.1,0.7,0.1,0.7,0.3,2.1,1,0,0.5,0.5,0.2,0.3,0.1,0.1,0.3,0.4
,,,,,,,,,,,,,,,,,,,,,0
E12000005,WEST MIDLANDS,5601847,79.2,1,0.1,2.5,1.2,0.2,0.6,0.4,3.9,4.1,0.9,0.6,1.3,1.1,1.5,0.6,0.3,0.6,1
,,,,,,,,,,,,,,,,,,,,,0
E06000019,"Herefordshire, County of UA",183477,93.7,0.4,0.2,3.9,0.2,0.1,0.2,0.2,0.3,0,0,0.2,0.3,0.1,0.1,0,0.1,0.1,0.4
E06000051,Shropshire UA,306129,95.4,0.5,0.1,2,0.2,0.1,0.2,0.2,0.2,0.1,0.1,0.3,0.3,0.1,0.1,0,0.1,0.1,0.3
E06000021,Stoke-on-Trent UA,249008,86.4,0.3,0.1,1.9,0.8,0.2,0.5,0.3,0.9,4.2,0.4,0.5,1.4,1,0.3,0.1,0.2,0.5,0.8
E06000020,Telford and Wrekin UA,166641,89.5,0.4,0.1,2.7,0.9,0.2,0.5,0.3,1.8,1.3,0.1,0.4,0.5,0.6,0.4,0.1,0.1,0.2,0.4
,,,,,,,,,,,,,,,,,,,,,0
E10000028,Staffordshire ,848489,93.6,0.5,0.1,1.6,0.5,0.1,0.3,0.2,0.8,0.8,0.1,0.3,0.4,0.2,0.3,0.1,0.1,0.1,0.3
E07000192,Cannock Chase,97462,96.5,0.4,0,0.9,0.5,0.1,0.2,0.1,0.4,0.1,0,0.2,0.2,0.1,0.2,0,0,0.1,0.1
E07000193,East Staffordshire,113583,86.2,0.5,0.1,3.7,0.7,0.1,0.4,0.2,0.8,4.9,0.1,0.3,0.8,0.3,0.4,0.2,0.1,0.2,0.4
E07000194,Lichfield,100654,94.6,0.6,0,1.5,0.5,0.1,0.3,0.2,0.9,0.2,0.1,0.2,0.3,0.1,0.3,0.1,0,0.1,0.1
E07000195,Newcastle-under-Lyme,123871,93.3,0.3,0,1.4,0.5,0.1,0.4,0.2,0.8,0.4,0.1,0.8,0.8,0.4,0.2,0.1,0.1,0.2,0.3
E07000196,South Staffordshire,108131,94.6,0.4,0.1,0.7,0.7,0,0.4,0.2,1.3,0.2,0,0.2,0.3,0.1,0.3,0.1,0,0.2,0.3
E07000197,Stafford,130869,92.6,0.6,0.1,1.7,0.6,0.1,0.3,0.2,1,0.3,0.1,0.4,0.7,0.3,0.4,0.1,0.2,0.2,0.5
E07000198,Staffordshire Moorlands,97106,97.5,0.3,0,0.9,0.2,0.1,0.2,0.1,0.1,0.1,0,0.1,0.2,0.1,0.1,0,0,0,0
E07000199,Tamworth,76813,95,0.7,0,1.6,0.5,0.1,0.3,0.2,0.5,0.1,0,0.2,0.2,0.1,0.3,0.1,0,0.1,0.1
,,,,,,,,,,,,,,,,,,,,,0
E10000031,Warwickshire,545474,88.5,1,0.1,3.2,0.6,0.1,0.5,0.3,3,0.3,0.1,0.4,0.8,0.4,0.3,0.1,0.1,0.3,0.5
E07000218,North Warwickshire,62014,95.9,0.7,0.1,1.1,0.4,0.1,0.2,0.1,0.6,0.1,0,0.1,0.2,0,0.2,0,0,0.1,0.2
E07000219,Nuneaton and Bedworth,125252,88.9,0.6,0.1,1.8,0.5,0.1,0.3,0.2,4.6,0.4,0,0.2,1,0.4,0.3,0.1,0.1,0.4,0.6
E07000220,Rugby,100075,84.1,1,0.2,5.2,0.9,0.2,0.6,0.3,3.1,0.6,0.1,0.4,1,1,0.8,0.2,0.1,0.2,0.5
E07000221,Stratford-on-Avon,120485,93.6,0.7,0.1,2.9,0.3,0.1,0.4,0.2,0.5,0.1,0,0.3,0.4,0.1,0.1,0,0,0.1,0.2
E07000222,Warwick,137648,83.4,1.6,0,4.2,0.6,0.2,0.8,0.5,4.9,0.3,0.1,0.8,1.1,0.3,0.3,0.1,0.2,0.7,0.9
,,,,,,,,,,,,,,,,,,,,,0
E11000005,West Midlands (Met County),2736460,66,1.4,0.1,2.6,1.9,0.2,0.8,0.5,6.8,7.3,1.8,0.8,2.2,2,2.9,1.1,0.6,1,1.7
E08000025,Birmingham,1073045,53.1,2.1,0,2.7,2.3,0.3,1,0.8,6,13.5,3,1.2,2.9,2.8,4.4,1.7,1,1,2
E08000026,Coventry,316960,66.6,2.3,0,4.9,1.2,0.3,0.8,0.4,8.8,3,0.9,1.2,2.4,4,1,0.5,0.6,1,1.6
E08000027,Dudley,312925,88.5,0.4,0.1,1,1.1,0.1,0.4,0.2,1.8,3.3,0.1,0.3,0.5,0.4,0.8,0.2,0.4,0.2,0.7
E08000028,Sandwell,308063,65.8,0.7,0,3.4,2,0.2,0.7,0.5,10.2,4.5,2.1,0.3,2.1,1.4,3.7,0.8,0.3,1.3,1.6
E08000029,Solihull,206674,85.8,1.9,0,1.4,1.2,0.1,0.6,0.3,3.4,1.7,0.3,0.4,0.7,0.4,0.9,0.2,0.2,0.4,0.6
E08000030,Walsall,269323,76.9,0.4,0.1,1.4,1.6,0.1,0.7,0.3,6.1,5.3,1.9,0.4,1.5,0.7,1.2,0.4,0.1,0.7,0.9
E08000031,Wolverhampton,249470,64.5,0.6,0.1,2.8,3.4,0.2,0.9,0.6,12.9,1.8,0.2,0.6,2.6,1.6,3.8,1.5,0.1,1.8,2
,,,,,,,,,,,,,,,,,,,,,0
E10000034,Worcestershire ,566169,92.4,0.6,0.2,2.6,0.6,0.1,0.4,0.2,0.6,0.9,0.2,0.3,0.4,0.1,0.2,0.1,0,0.1,0.3
E07000234,Bromsgrove,93637,93.6,1,0.1,1.2,0.7,0.1,0.5,0.3,1.2,0.2,0,0.3,0.3,0.1,0.3,0.1,0.1,0.1,0.3
E07000235,Malvern Hills,74631,95.2,0.5,0.2,1.8,0.3,0.1,0.3,0.2,0.4,0.1,0,0.5,0.3,0.1,0.1,0,0,0.1,0.3
E07000236,Redditch,84214,87.4,0.7,0,3.9,1.3,0.1,0.4,0.2,0.9,3.1,0.2,0.2,0.4,0.2,0.7,0.2,0.1,0.1,0.2
E07000237,Worcester,98768,89.1,0.6,0.1,3.6,0.5,0.2,0.4,0.3,0.8,1.9,0.5,0.4,0.8,0.2,0.2,0.1,0.1,0.2,0.4
E07000238,Wychavon,116944,93.9,0.5,0.4,3.1,0.3,0.1,0.3,0.2,0.4,0.1,0.1,0.2,0.3,0.1,0.1,0,0,0.1,0.5
E07000239,Wyre Forest,97975,94.7,0.5,0.4,1.7,0.5,0.1,0.3,0.2,0.3,0.1,0.5,0.2,0.3,0.1,0.1,0,0,0.1,0.5
,,,,,,,,,,,,,,,,,,,,,0
E12000006,EAST,5846965,85.3,1,0.1,4.5,0.6,0.3,0.6,0.5,1.5,1.1,0.6,0.6,1,1.2,0.6,0.2,0.2,0.3,0.6
,,,,,,,,,,,,,,,,,,,,,0
E06000055,Bedford UA,157479,71.5,1.1,0.1,7.9,1.5,0.4,0.9,0.7,5.2,2.1,2,0.6,1.5,1.7,1.8,0.4,0.2,0.5,0.8
E06000056,Central Bedfordshire UA,254381,89.7,1.2,0.2,2.8,0.7,0.2,0.6,0.4,1,0.2,0.1,0.6,0.7,0.8,0.5,0.1,0.1,0.2,0.5
E06000032,Luton UA,203201,44.6,3,0.1,7,1.9,0.5,0.9,0.9,5.2,14.4,6.7,0.7,2.9,4.5,4,1.3,0.8,0.7,1.6
E06000031,Peterborough UA,183631,70.9,0.7,0.3,10.6,0.8,0.5,0.8,0.7,2.5,6.6,0.1,0.5,2,1.4,0.6,0.3,0.2,0.6,1.1
E06000033,Southend-on-Sea UA,173658,87,0.9,0.1,3.6,0.6,0.4,0.6,0.5,1,0.6,0.5,0.6,0.9,1.6,0.3,0.2,0.2,0.3,0.6
E06000034,Thurrock UA,157705,80.9,0.7,0.2,4.1,0.7,0.4,0.4,0.4,1.4,0.3,0.4,0.5,1,6.2,0.8,0.8,0.2,0.4,0.8
,,,,,,,,,,,,,,,,,,,,,0
E10000003,Cambridgeshire ,621210,84.5,0.8,0.2,7.1,0.4,0.2,0.6,0.5,1.2,0.4,0.4,1.1,1.1,0.6,0.3,0.2,0.2,0.3,0.7
E07000008,Cambridge,123867,66,1.4,0.1,15,0.6,0.4,1.2,1,2.8,0.6,1.5,3.6,2.6,1,0.5,0.2,0.7,0.9,1.7
E07000009,East Cambridgeshire,83818,89.7,0.6,0.3,5.6,0.3,0.2,0.4,0.5,0.4,0.1,0.1,0.3,0.5,0.3,0.1,0.1,0.1,0.2,0.6
E07000010,Fenland,95262,90.4,0.4,0.5,5.9,0.3,0.1,0.3,0.3,0.4,0.1,0.1,0.2,0.4,0.2,0.2,0.1,0,0.2,0.7
E07000011,Huntingdonshire,169508,89.5,0.7,0.1,4.5,0.4,0.2,0.5,0.4,0.7,0.6,0.2,0.3,0.7,0.5,0.3,0.2,0.1,0.2,0.4
E07000012,South Cambridgeshire,148755,87.3,0.7,0.3,5,0.4,0.2,0.7,0.5,1.5,0.3,0.1,0.8,1,0.5,0.2,0.1,0.2,0.3,0.8
,,,,,,,,,,,,,,,,,,,,,0
E10000012,Essex ,1393587,90.8,0.8,0.2,2.6,0.5,0.2,0.4,0.4,0.9,0.2,0.2,0.5,0.7,0.9,0.3,0.1,0.1,0.2,0.5
E07000066,Basildon,174497,89.5,0.8,0.5,1.9,0.6,0.3,0.4,0.4,1.2,0.2,0.2,0.3,0.8,1.9,0.5,0.2,0.1,0.2,0.8
E07000067,Braintree,147084,93.2,0.7,0.1,2.6,0.4,0.2,0.4,0.3,0.4,0.1,0.1,0.2,0.5,0.4,0.2,0.1,0,0.1,0.2
E07000068,Brentwood,73601,89.2,1.3,0.2,2.9,0.5,0.2,0.6,0.4,1.3,0.2,0.2,0.5,1,0.7,0.3,0.2,0.1,0.3,0.6
E07000069,Castle Point,88011,95.4,0.6,0,0.9,0.4,0.1,0.3,0.2,0.4,0.1,0.1,0.2,0.3,0.4,0.2,0.1,0,0.1,0.1
E07000070,Chelmsford,168310,90.3,0.9,0.1,2.6,0.5,0.2,0.5,0.4,1.1,0.4,0.3,0.5,0.6,0.8,0.3,0.1,0.2,0.2,0.5
E07000071,Colchester,173074,87.5,0.7,0,3.8,0.5,0.3,0.5,0.5,0.8,0.2,0.2,1,1.4,1,0.3,0.1,0.6,0.4,1
E07000072,Epping Forest,124659,85.2,1.1,0.1,4,0.7,0.2,0.6,0.6,2.4,0.7,0.2,0.5,0.9,1,0.8,0.2,0.1,0.5,0.7
E07000073,Harlow,81944,83.9,1.1,0.1,4,0.8,0.4,0.5,0.5,1.3,0.8,0.5,1,1,2.8,0.7,0.4,0.2,0.3,0.6
E07000074,Maldon,61629,95.8,0.6,0.3,1.4,0.2,0.1,0.3,0.2,0.2,0,0.1,0.2,0.3,0.1,0.1,0,0,0.1,0.4
E07000075,Rochford,83287,95.6,0.6,0.1,1,0.4,0.2,0.4,0.2,0.3,0.1,0.1,0.3,0.3,0.3,0.1,0.1,0,0.1,0.2
E07000076,Tendring,138048,95.4,0.7,0,1.4,0.4,0.1,0.3,0.2,0.2,0,0.1,0.3,0.3,0.2,0.1,0,0,0.1,0.1
E07000077,Uttlesford,79443,92.3,0.8,0.2,3.4,0.3,0.2,0.5,0.3,0.4,0.1,0.2,0.3,0.5,0.2,0.2,0.1,0.1,0.2,0.5
,,,,,,,,,,,,,,,,,,,,,0
E10000015,Hertfordshire,1116062,80.8,1.5,0.1,5.1,0.8,0.3,0.8,0.6,2.6,1.1,0.5,0.8,1.6,1.8,0.8,0.3,0.2,0.4,0.7
E07000095,Broxbourne,93609,80.8,1.4,0.2,7.9,0.8,0.3,0.5,0.6,0.9,0.2,0.2,0.3,0.8,2.4,1.4,0.4,0.1,0.7,1
E07000096,Dacorum,144847,86,1.3,0.2,3.4,0.7,0.3,0.7,0.5,1.6,1.4,0.2,0.5,0.9,1.4,0.5,0.2,0.1,0.2,0.5
E07000097,East Hertfordshire,137687,90.3,1.1,0,4,0.5,0.2,0.6,0.4,0.7,0.2,0.2,0.4,0.5,0.4,0.2,0.1,0.1,0.2,0.3
E07000098,Hertsmere,100031,75.7,2.1,0.2,7,0.7,0.4,0.9,0.7,3.7,0.5,0.2,0.9,2.1,3,0.6,0.4,0.2,0.8,1.2
E07000099,North Hertfordshire,127114,84.9,1.1,0,3.5,1.2,0.2,0.7,0.5,2.7,0.3,0.4,0.6,1.3,0.7,1.1,0.2,0.1,0.4,0.5
E07000100,St Albans,140664,81.1,1.8,0.1,5.4,0.7,0.3,1.1,0.7,1.6,0.8,1.9,0.8,1.3,0.9,0.6,0.2,0.3,0.4,0.8
E07000101,Stevenage,83957,83.1,1.2,0.1,3.3,1.1,0.3,0.7,0.5,1.9,0.6,0.6,0.8,1.9,2.3,0.8,0.3,0.2,0.3,0.6
E07000102,Three Rivers,87317,79.7,2,0.1,4.5,0.6,0.2,0.9,0.6,6,0.7,0.2,0.7,1.6,1,0.7,0.2,0.1,0.3,0.5
E07000103,Watford,90301,61.9,2.3,0.1,7.7,1.1,0.5,1,0.8,5.5,6.7,0.4,0.9,4.4,3.5,1.7,0.6,0.3,0.6,1
E07000104,Welwyn Hatfield,110535,76.5,1.5,0.1,5.9,0.8,0.4,0.7,0.6,3.2,0.7,0.4,1.7,1.9,3.6,0.7,0.3,0.5,0.5,1.1
,,,,,,,,,,,,,,,,,,,,,0
E10000020,Norfolk,857888,92.4,0.4,0.1,3.5,0.3,0.2,0.3,0.3,0.5,0.1,0.1,0.4,0.5,0.4,0.1,0.1,0.1,0.1,0.3
E07000143,Breckland,130491,91.2,0.5,0.2,5.6,0.3,0.2,0.3,0.4,0.2,0.1,0.1,0.2,0.3,0.2,0.2,0.1,0,0.1,0.3
E07000144,Broadland,124646,95.9,0.3,0,1.4,0.2,0.1,0.3,0.2,0.3,0,0.1,0.2,0.3,0.2,0.1,0,0.1,0.1,0.2
E07000145,Great Yarmouth,97277,92.8,0.4,0.1,3.6,0.3,0.3,0.3,0.3,0.5,0.1,0,0.2,0.4,0.3,0.1,0.1,0.1,0.2,0.4
E07000146,King's Lynn and West Norfolk,147451,92.2,0.4,0.2,4.5,0.2,0.2,0.3,0.3,0.5,0.1,0,0.3,0.4,0.2,0.1,0.1,0.1,0.1,0.4
E07000147,North Norfolk,101499,96.6,0.3,0,1.7,0.2,0.1,0.2,0.1,0.1,0,0.1,0.1,0.2,0.1,0.1,0,0,0.1,0.1
E07000148,Norwich,132512,84.7,0.7,0.1,5.4,0.5,0.5,0.7,0.6,1.3,0.2,0.4,1.3,1.3,1.3,0.2,0.1,0.5,0.4,1
E07000149,South Norfolk,124012,95.2,0.4,0.1,1.9,0.3,0.1,0.3,0.2,0.3,0.1,0,0.3,0.3,0.2,0.1,0,0.1,0.1,0.3
,,,,,,,,,,,,,,,,,,,,,0
E10000029,Suffolk,728163,90.8,0.5,0.1,3.8,0.6,0.2,0.4,0.4,0.5,0.1,0.3,0.3,0.6,0.4,0.3,0.2,0,0.3,0.4
E07000200,Babergh,87740,95.4,0.6,0.1,1.9,0.3,0.1,0.2,0.2,0.2,0,0.1,0.2,0.3,0.2,0.1,0,0,0.1,0.2
E07000201,Forest Heath,59748,77.2,1,0.2,13.5,0.4,0.5,0.7,1.3,0.5,0.2,0.2,0.2,1,0.6,0.3,1.3,0,0.9,1.1
E07000202,Ipswich,133384,82.9,0.5,0.1,5.4,1.9,0.5,0.5,0.7,1.4,0.2,1.3,0.5,1,0.8,1.2,0.4,0.1,0.7,0.9
E07000203,Mid Suffolk,96731,95.9,0.4,0.1,1.5,0.3,0.1,0.3,0.2,0.2,0,0,0.2,0.3,0.2,0.1,0.1,0,0.1,0.2
E07000204,St Edmundsbury,111008,91.2,0.7,0.1,4.1,0.4,0.2,0.4,0.3,0.5,0.1,0.1,0.3,0.6,0.4,0.2,0.2,0.1,0.2,0.4
E07000205,Suffolk Coastal,124298,93.9,0.5,0,2.2,0.4,0.2,0.4,0.3,0.6,0.1,0.1,0.4,0.4,0.2,0.2,0.1,0,0.1,0.1
E07000206,Waveney,115254,95.8,0.4,0.1,1.5,0.3,0.2,0.3,0.2,0.2,0,0.1,0.3,0.3,0.2,0.1,0.1,0,0.1,0.2
,,,,,,,,,,,,,,,,,,,,,0
E12000007,LONDON,8173941,44.9,2.2,0.1,12.6,1.5,0.8,1.2,1.5,6.6,2.7,2.7,1.5,4.9,7,4.2,2.1,1.3,2.1,3.5
,,,,,,,,,,,,,,,,,,,,,0
E13000001,Inner London,3231901,38.4,2.3,0.1,16.5,1.8,1,1.3,1.8,3.4,1.9,5.1,2,3.6,8.6,5.4,2.8,1.6,2.6,4.3
E09000007,Camden,220338,44,3.2,0.1,19,1.1,0.8,1.8,1.9,2.8,0.7,5.7,2.9,4,4.9,1.6,1.7,1.6,2.3,4
E09000001,City of London,7375,57.5,2.4,0,18.6,0.5,0.5,1.5,1.4,2.9,0.2,3.1,3.6,2.9,1.3,0.6,0.7,0.9,1.2,2.1
E09000012,Hackney,246270,36.2,2.1,0.2,16.2,2,1.2,1.2,2,3.1,0.8,2.5,1.4,2.7,11.4,7.8,3.9,0.7,4.6,5.5
E09000013,Hammersmith and Fulham,182493,44.9,3.5,0.1,19.6,1.5,0.8,1.5,1.7,1.9,0.9,0.6,1.7,4,5.8,3.9,2.1,2.9,2.7,5.7
E09000014,Haringey,254926,34.7,2.7,0.1,23,1.9,1,1.5,2.1,2.3,0.8,1.7,1.5,3.2,9,7.1,2.6,0.9,3.9,4.9
E09000019,Islington,206125,47.7,3.9,0.1,16.4,2.1,0.9,1.4,2.1,1.7,0.5,2.3,2.2,2.6,6.1,3.9,2.8,0.9,2.4,3.4
E09000020,Kensington and Chelsea,158649,39.3,2.3,0.1,28.9,1.1,0.7,1.9,2,1.6,0.6,0.5,2.5,4.8,3.5,2.1,1,4.1,3.1,7.3
E09000022,Lambeth,303086,39,2.5,0.1,15.5,2.7,1.4,1.2,2.3,1.6,1,0.7,1.5,2,11.6,9.5,4.8,0.6,1.9,2.6
E09000023,Lewisham,275885,41.5,1.9,0.1,10.1,3.1,1.3,1.1,1.9,1.7,0.6,0.5,2.2,4.3,11.6,11.2,4.4,0.5,2.1,2.7
E09000025,Newham,307984,16.7,0.7,0.2,11.4,1.3,1.1,0.9,1.3,13.8,9.8,12.1,1.3,6.5,12.3,4.9,2.4,1.1,2.3,3.6
E09000028,Southwark,288283,39.7,2.2,0.1,12.3,2,1.3,1,1.9,2,0.6,1.4,2.8,2.7,16.4,6.2,4.2,0.8,2.4,3.3
E09000030,Tower Hamlets,254096,31.2,1.5,0.1,12.4,1.1,0.6,1.2,1.2,2.7,1,32,3.2,2.3,3.7,2.1,1.5,1,1.3,2.4
E09000032,Wandsworth,306995,53.3,2.5,0.1,15.5,1.5,0.7,1.3,1.5,2.8,3.2,0.5,1.2,3.2,4.8,4,1.8,0.8,1.3,2.2
E09000033,Westminster,219396,35.2,2.3,0,24.1,0.9,0.9,1.6,1.8,3.3,1.1,2.9,2.7,4.6,4.2,2,1.3,7.2,3.9,11.1
,,,,,,,,,,,,,,,,,,,,,0
E13000002,Outer London,4942040,49.2,2,0.1,10.1,1.3,0.7,1.2,1.2,8.8,3.3,1.2,1.2,5.7,6,3.5,1.6,1.1,1.9,3.1
E09000002,Barking and Dagenham,185911,49.5,0.9,0.1,7.8,1.4,1.1,0.7,1,4,4.3,4.1,0.7,2.8,15.4,2.8,1.7,0.5,1,1.6
E09000003,Barnet,356386,45.5,2.4,0,16.2,0.9,0.9,1.7,1.4,7.8,1.5,0.6,2.3,6.2,5.4,1.3,1,1.5,3.4,4.9
E09000004,Bexley,231997,77.3,1.1,0.3,3.2,0.7,0.4,0.6,0.6,3,0.3,0.3,1.1,1.8,6.9,1,0.6,0.1,0.6,1
E09000005,Brent,311215,18,4,0.1,14.3,1.4,0.9,1.2,1.6,18.6,4.6,0.6,1,9.2,7.8,7.6,3.4,3.7,2.1,5.9
E09000006,Bromley,309392,77.4,1.4,0.2,5.3,1.3,0.4,1,0.9,2,0.3,0.4,0.9,1.6,3.2,2.1,0.7,0.3,0.6,1.1
E09000008,Croydon,363378,47.3,1.5,0.1,6.3,2.7,0.9,1.4,1.6,6.8,3,0.7,1.1,4.8,8,8.6,3.6,0.5,1.3,1.9
E09000009,Ealing,338449,30.4,3.1,0.1,15.4,1.2,0.6,1.4,1.3,14.3,4.3,0.5,1.2,9.3,5.1,3.9,1.9,2.9,3.1,6.1
E09000010,Enfield,312466,40.5,2.2,0.1,18.2,1.6,0.8,1.3,1.8,3.7,0.8,1.8,0.8,4,9,5.5,2.6,0.6,4.5,5.2
E09000011,Greenwich,254557,52.3,1.7,0.2,8.3,1.6,1.1,0.9,1.3,3.1,1,0.6,2,5,13.8,3.2,2.1,0.4,1.4,2
E09000015,Harrow,239056,30.9,3.1,0.1,8.2,1,0.4,1.4,1.1,26.4,3.3,0.6,1.1,11.3,3.6,2.8,1.8,1.6,1.4,3.1
E09000016,Havering,237232,83.3,1.3,0.1,3,0.8,0.3,0.5,0.5,2.1,0.6,0.4,0.6,1.1,3.2,1.2,0.4,0.1,0.4,0.6
E09000017,Hillingdon,273936,52.2,2.2,0.1,6.1,1,0.5,1.3,1,13.4,3.4,1,1.1,6.5,4.1,1.7,1.5,1.1,1.9,3.1
E09000018,Hounslow,253957,37.9,1.9,0.1,11.5,0.9,0.7,1.3,1.2,19,5.4,0.9,0.9,8.2,4.2,1.3,1,1.4,2.1,3.6
E09000021,Kingston upon Thames,160060,63.1,1.7,0.1,9.6,0.8,0.4,1.6,1.1,4,1.9,0.6,1.8,8.1,1.6,0.6,0.2,1.5,1.2,2.8
E09000024,Merton,199693,48.4,2.2,0.1,14.2,1.3,0.6,1.4,1.3,4.1,3.7,1.1,1.3,7.9,5.2,4.1,1.1,0.7,1.2,2
E09000026,Redbridge,278970,34.5,1.4,0.1,6.6,1.1,0.6,1.2,1.2,16.4,11.1,5.7,1.1,7.4,4.4,3.2,1.2,0.6,2.1,2.8
E09000027,Richmond upon Thames,186990,71.4,2.5,0.1,11.9,0.7,0.4,1.5,1,2.8,0.6,0.5,0.9,2.5,0.9,0.4,0.2,0.6,1,1.7
E09000029,Sutton,190146,70.9,1.7,0.1,5.9,1.2,0.4,1.2,0.9,3.4,1.4,0.6,1.2,5,2.9,1.4,0.5,0.5,0.8,1.4
E09000031,Waltham Forest,258249,36,1.5,0.1,14.5,1.8,0.9,1,1.6,3.5,10.2,1.8,1,4.5,7.3,7.3,2.8,1.5,2.6,4.2
,,,,,,,,,,,,,,,,,,,,,0
E12000008,SOUTH EAST,8634750,85.2,0.9,0.2,4.4,0.5,0.3,0.7,0.5,1.8,1.1,0.3,0.6,1.4,1,0.4,0.2,0.2,0.4,0.8
,,,,,,,,,,,,,,,,,,,,,0
E06000036,Bracknell Forest UA,113205,84.9,0.9,0.1,4.7,0.6,0.3,0.7,0.5,1.8,0.5,0.1,0.5,2.2,1.4,0.4,0.2,0.2,0.3,0.6
E06000043,Brighton and Hove UA,273369,80.5,1.4,0.1,7.1,0.8,0.7,1.2,1,1.1,0.2,0.5,1.1,1.2,1.1,0.3,0.2,0.8,0.7,1.6
E06000046,Isle of Wight UA,138265,94.8,0.5,0.1,1.9,0.4,0.1,0.5,0.2,0.3,0.1,0.1,0.2,0.5,0.1,0.1,0,0,0.1,0.2
E06000035,Medway UA,263925,85.5,0.7,0.2,3.2,0.7,0.3,0.6,0.4,2.7,0.6,0.5,0.4,1,1.8,0.5,0.2,0.2,0.5,0.9
E06000042,Milton Keynes UA,248821,73.9,1,0,5.1,0.9,0.6,0.9,0.9,3.3,1.5,0.8,1.1,2.5,5.2,1,0.6,0.2,0.4,0.6
E06000044,Portsmouth UA,205056,84,0.5,0,3.8,0.5,0.5,1.2,0.5,1.4,0.3,1.8,1.3,1.3,1.4,0.3,0.1,0.5,0.5,1
E06000038,Reading UA,155698,65.3,1.5,0.1,7.9,1.7,0.5,0.9,0.8,4.2,4.5,0.4,1,3.5,3.9,2.1,0.7,0.4,0.5,1
E06000039,Slough UA,140205,34.5,1.1,0.2,9.9,1.2,0.4,1,0.8,15.6,17.7,0.4,0.6,5.4,5.4,2.2,1,0.7,1.9,2.8
E06000045,Southampton UA,236882,77.7,0.7,0.1,7.4,0.7,0.4,0.8,0.5,2.8,1.3,0.6,1.5,2.2,1.5,0.5,0.2,0.6,0.6,1.3
E06000037,West Berkshire UA,153822,90.4,0.8,0.1,3.5,0.5,0.2,0.5,0.4,1.1,0.3,0.1,0.4,0.5,0.5,0.3,0.1,0.1,0.1,0.3
E06000040,Windsor and Maidenhead UA,144560,77.5,1.4,0.2,7,0.5,0.2,1,0.6,4.1,2.9,0.3,0.7,1.6,0.7,0.3,0.1,0.3,0.5,1
E06000041,Wokingham UA,154380,83.6,0.9,0.2,3.7,0.6,0.2,0.8,0.4,3.5,1.9,0.1,0.8,1.2,0.8,0.5,0.1,0.3,0.4,0.9
,,,,,,,,,,,,,,,,,,,,,0
E10000002,Buckinghamshire ,505283,81.1,1.1,0.1,4.1,0.9,0.2,0.8,0.5,2.2,4.2,0.2,0.5,1.4,0.8,1,0.3,0.2,0.3,0.6
E07000004,Aylesbury Vale,174137,85.2,0.9,0.1,3.5,0.9,0.3,0.6,0.5,1.1,3.1,0.1,0.4,1.1,1,0.7,0.2,0.2,0.2,0.5
E07000005,Chiltern,92635,85.9,1.2,0.1,4.2,0.4,0.2,1.1,0.5,1.9,1.9,0.1,0.5,1,0.3,0.2,0.1,0.1,0.2,0.4
E07000006,South Bucks,66867,77.1,1.7,0.4,5.1,0.6,0.2,1.1,0.5,7.1,1.4,0.3,0.8,1.7,0.5,0.4,0.1,0.3,0.7,1.4
E07000007,Wycombe,171644,75.9,0.9,0.1,4.4,1.3,0.2,0.8,0.5,1.7,7.6,0.3,0.6,1.8,1,2,0.5,0.2,0.3,0.6
,,,,,,,,,,,,,,,,,,,,,0
E10000011,East Sussex ,526671,91.7,0.8,0.2,3.4,0.4,0.2,0.5,0.4,0.4,0.1,0.2,0.4,0.7,0.3,0.1,0.1,0.1,0.2,0.5
E07000061,Eastbourne,99412,87.4,1,0.1,5.6,0.4,0.3,0.6,0.5,0.7,0.1,0.3,0.6,1.1,0.5,0.2,0.1,0.2,0.3,0.6
E07000062,Hastings,90254,89.3,0.8,0.2,3.5,0.7,0.3,0.6,0.5,0.5,0.1,0.3,0.4,1,0.7,0.3,0.1,0.2,0.4,0.8
E07000063,Lewes,97502,92.5,0.8,0.1,3.2,0.3,0.2,0.5,0.3,0.4,0.1,0.2,0.3,0.5,0.3,0.1,0,0.1,0.2,0.4
E07000064,Rother,90588,94.1,0.7,0.1,2.1,0.3,0.1,0.4,0.3,0.3,0,0.1,0.2,0.5,0.2,0.1,0.1,0.1,0.1,0.3
E07000065,Wealden,148915,93.8,0.6,0.2,2.8,0.2,0.1,0.4,0.2,0.3,0,0.1,0.3,0.4,0.1,0.1,0,0.1,0.1,0.4
,,,,,,,,,,,,,,,,,,,,,0
E10000014,Hampshire ,1317788,91.8,0.6,0.2,2.5,0.4,0.2,0.5,0.3,0.8,0.1,0.2,0.4,1.1,0.4,0.2,0.1,0.1,0.2,0.5
E07000084,Basingstoke and Deane,167799,88.2,0.8,0.1,3.8,0.6,0.2,0.5,0.3,1.5,0.2,0.2,0.7,1.4,0.8,0.3,0.1,0.1,0.2,0.4
E07000085,East Hampshire,115608,93,0.6,0.2,2.7,0.3,0.1,0.4,0.3,0.4,0,0.1,0.3,0.7,0.3,0.1,0,0.1,0.1,0.4
E07000086,Eastleigh,125199,91.8,0.5,0.2,2.3,0.3,0.2,0.5,0.4,1.6,0.1,0.2,0.5,0.6,0.3,0.1,0,0.2,0.3,0.7
E07000087,Fareham,111581,94.7,0.4,0.1,1.6,0.3,0.1,0.6,0.2,0.6,0.1,0.1,0.4,0.3,0.2,0.1,0,0.1,0.1,0.3
E07000088,Gosport,82622,94.4,0.4,0,1.6,0.3,0.2,0.5,0.3,0.5,0,0.2,0.3,0.3,0.4,0.2,0.1,0.1,0.2,0.3
E07000089,Hart,91033,90.7,0.7,0.3,3.2,0.3,0.2,0.8,0.3,1,0.2,0.1,0.5,0.9,0.3,0.2,0.1,0.1,0.2,0.6
E07000090,Havant,120684,95.2,0.4,0.1,1.4,0.3,0.2,0.5,0.3,0.4,0.1,0.1,0.3,0.3,0.2,0,0.1,0.1,0.1,0.3
E07000091,New Forest,176462,94.9,0.5,0.2,2,0.2,0.1,0.3,0.2,0.3,0,0.1,0.2,0.4,0.2,0.1,0.1,0,0.2,0.4
E07000092,Rushmoor,93807,80.5,0.8,0.2,3.3,0.7,0.4,0.7,0.5,1.4,0.7,0.2,0.5,7.6,1.2,0.6,0.2,0.1,0.5,0.8
E07000093,Test Valley,116398,92.6,0.5,0.1,2.8,0.3,0.2,0.5,0.3,0.8,0.1,0.1,0.4,0.6,0.2,0.1,0.1,0.1,0.2,0.4
E07000094,Winchester,116595,91.8,0.6,0.2,3,0.3,0.2,0.6,0.4,0.6,0.1,0.2,0.6,0.8,0.2,0.1,0.1,0.1,0.2,0.5
,,,,,,,,,,,,,,,,,,,,,0
E10000016,Kent ,1463740,89.1,0.7,0.3,3.6,0.4,0.2,0.5,0.4,1.2,0.2,0.2,0.4,1.2,0.8,0.2,0.1,0.1,0.4,0.8
E07000105,Ashford,117956,89.4,0.6,0.5,3.2,0.5,0.2,0.4,0.3,0.8,0.1,0.2,0.4,1.9,0.8,0.3,0.1,0.1,0.3,0.9
E07000106,Canterbury,151145,87.5,0.8,0.2,4.4,0.4,0.2,0.6,0.4,1,0.2,0.2,1,1.1,0.9,0.3,0.1,0.3,0.3,0.8
E07000107,Dartford,97365,82.6,0.8,0.3,3.7,0.6,0.4,0.7,0.5,2.7,0.2,0.4,0.6,2,2.9,0.5,0.3,0.2,0.6,1.1
E07000108,Dover,111674,93,0.5,0.2,3,0.3,0.1,0.3,0.2,0.4,0,0.1,0.2,1,0.2,0.1,0,0.1,0.2,0.5
E07000109,Gravesham,101720,77.1,0.8,0.3,4.6,0.6,0.4,0.6,0.5,7.4,0.5,0.5,0.3,1.7,2.2,0.4,0.2,0.1,1.8,2.2
E07000110,Maidstone,155143,89.1,0.6,0.5,3.8,0.4,0.2,0.5,0.4,0.8,0.2,0.2,0.3,1.6,0.6,0.2,0.1,0.1,0.2,0.8
E07000111,Sevenoaks,114893,91,0.8,0.3,3.6,0.4,0.2,0.6,0.3,0.6,0.1,0.1,0.4,0.5,0.5,0.2,0.1,0.1,0.1,0.5
E07000112,Shepway,107969,90.8,0.7,0.2,3,0.4,0.1,0.4,0.3,0.4,0.1,0.2,0.3,2.5,0.3,0.1,0,0.1,0.2,0.5
E07000113,Swale,135835,92.9,0.6,0.5,2.6,0.4,0.2,0.3,0.3,0.4,0.1,0.2,0.2,0.3,0.7,0.2,0.1,0,0.1,0.6
E07000114,Thanet,134186,90.4,0.8,0.1,4.2,0.5,0.2,0.4,0.4,0.5,0.1,0.1,0.3,0.7,0.4,0.2,0.1,0.1,0.2,0.4
E07000115,Tonbridge and Malling,120805,92.4,0.6,0.3,2.6,0.4,0.2,0.6,0.3,0.6,0.1,0.2,0.4,0.6,0.2,0.1,0,0.1,0.2,0.6
E07000116,Tunbridge Wells,115049,89.6,0.8,0.3,4.3,0.4,0.2,0.7,0.4,0.6,0.2,0.4,0.5,0.8,0.4,0.1,0.1,0.1,0.2,0.6
,,,,,,,,,,,,,,,,,,,,,0
E10000025,Oxfordshire,653798,83.6,1,0.1,6.2,0.6,0.2,0.7,0.5,1.2,1.2,0.4,0.9,1.2,1.1,0.5,0.2,0.2,0.3,0.6
E07000177,Cherwell,141868,86.3,0.8,0.1,5,0.6,0.3,0.5,0.4,1.2,1.7,0.1,0.5,0.8,0.7,0.4,0.2,0.1,0.3,0.5
E07000178,Oxford,151906,63.6,1.6,0.1,12.4,1.1,0.5,1.3,1.1,2.9,3.2,1.2,2.3,2.8,2.9,1.2,0.5,0.6,0.7,1.4
E07000179,South Oxfordshire,134257,90.9,0.8,0.1,4.2,0.4,0.1,0.5,0.3,0.6,0.1,0.1,0.3,0.6,0.3,0.2,0.1,0.1,0.1,0.3
E07000180,Vale of White Horse,120988,89.8,0.8,0.1,4.3,0.3,0.1,0.5,0.3,0.7,0.3,0.2,0.5,0.8,0.7,0.2,0.1,0.1,0.2,0.4
E07000181,West Oxfordshire,104779,92.6,0.7,0.2,3.4,0.3,0.1,0.5,0.3,0.3,0.1,0.1,0.3,0.5,0.3,0.1,0.1,0.1,0.1,0.4
,,,,,,,,,,,,,,,,,,,,,0
E10000030,Surrey,1132390,83.5,1.1,0.2,5.5,0.4,0.2,0.9,0.6,1.8,1,0.3,0.8,1.7,0.7,0.3,0.1,0.4,0.5,1.1
E07000207,Elmbridge,130875,79.9,1.6,0.1,8.7,0.4,0.3,1.2,0.8,1.9,0.4,0.4,0.9,1.8,0.5,0.2,0.1,0.5,0.5,1.1
E07000208,Epsom and Ewell,75102,78.6,1.5,0.2,5.6,0.5,0.3,1,0.7,2.4,0.9,0.4,1.2,3.7,0.9,0.4,0.2,0.7,0.7,1.6
E07000209,Guildford,137183,83.5,0.9,0.4,6.2,0.3,0.2,0.8,0.5,1.2,0.4,0.2,1.4,1.7,0.8,0.2,0.1,0.7,0.6,1.7
E07000210,Mole Valley,85375,90.1,0.9,0.1,3.9,0.3,0.1,0.6,0.4,0.8,0.2,0.2,0.4,0.9,0.2,0.2,0.1,0.2,0.3,0.6
E07000211,Reigate and Banstead,137835,85,1.1,0.1,4.4,0.5,0.3,0.8,0.6,1.6,0.9,0.4,0.7,1.6,1,0.4,0.2,0.2,0.4,0.7
E07000212,Runnymede,80510,80,1.3,0.3,7.4,0.4,0.3,0.8,0.6,2.5,0.5,0.3,1.5,2.2,0.7,0.2,0.1,0.5,0.5,1.3
E07000213,Spelthorne,95598,81,1.4,0.2,4.7,0.6,0.3,0.9,0.6,4.2,0.7,0.3,0.6,1.8,1,0.4,0.2,0.3,0.6,1.1
E07000214,Surrey Heath,86144,84.9,1,0.2,4.1,0.4,0.2,0.8,0.5,2,0.8,0.3,0.6,2.5,0.6,0.3,0.1,0.2,0.5,0.9
E07000215,Tandridge,82998,89.3,1,0.3,3.2,0.6,0.2,0.8,0.5,0.9,0.2,0.1,0.5,0.9,0.5,0.4,0.1,0.1,0.3,0.7
E07000216,Waverley,121572,90.6,0.8,0.1,4.4,0.3,0.1,0.6,0.3,0.4,0.2,0.1,0.5,0.6,0.3,0.1,0,0.1,0.2,0.4
E07000217,Woking,99198,74.9,1.1,0.2,7.4,0.4,0.3,1,0.7,2.3,5.7,0.5,0.9,2.1,1,0.3,0.1,0.6,0.5,1.3
,,,,,,,,,,,,,,,,,,,,,0
E10000032,West Sussex,806892,88.9,0.7,0.1,4,0.4,0.3,0.5,0.4,1.2,0.6,0.3,0.4,1,0.6,0.2,0.2,0.1,0.2,0.4
E07000223,Adur,61182,92.9,0.7,0.2,2.1,0.3,0.3,0.5,0.3,0.4,0.1,0.4,0.4,0.4,0.4,0.1,0,0.3,0.2,0.7
E07000224,Arun,149518,91.6,0.6,0.1,4.7,0.3,0.1,0.4,0.2,0.3,0.1,0.2,0.3,0.5,0.2,0.1,0,0,0.1,0.2
E07000225,Chichester,113794,93,0.7,0.2,3.1,0.2,0.1,0.3,0.3,0.4,0,0.1,0.3,0.6,0.3,0.1,0.1,0.1,0.1,0.4
E07000226,Crawley,106597,72.1,0.9,0.1,6.8,0.8,0.6,0.8,0.7,5.2,4.3,0.4,0.5,2.6,2,0.4,0.8,0.4,0.6,1.1
E07000227,Horsham,131301,92.2,0.7,0.2,3,0.3,0.2,0.6,0.3,0.6,0.1,0.2,0.4,0.8,0.3,0.1,0,0.1,0.1,0.4
E07000228,Mid Sussex,139860,90.3,0.9,0.1,3.8,0.3,0.2,0.6,0.4,1,0.1,0.3,0.4,0.9,0.3,0.1,0.1,0.1,0.2,0.4
E07000229,Worthing,104640,89.4,0.8,0.1,3.5,0.4,0.3,0.6,0.4,0.7,0.2,0.5,0.5,1.3,0.6,0.2,0.1,0.1,0.3,0.5
,,,,,,,,,,,,,,,,,,,,,0
E12000009,SOUTH WEST,5288935,91.8,0.5,0.1,3,0.5,0.2,0.4,0.3,0.6,0.2,0.2,0.4,0.5,0.5,0.3,0.2,0.1,0.2,0.4
,,,,,,,,,,,,,,,,,,,,,0
E06000022,Bath and North East Somerset UA,176016,90.1,0.7,0,3.8,0.5,0.2,0.5,0.4,0.6,0.1,0.1,1.1,0.7,0.3,0.4,0.1,0.2,0.2,0.4
E06000028,Bournemouth UA,183491,83.8,0.7,0.1,7.3,0.6,0.3,0.8,0.6,1.1,0.1,0.2,1,1.5,0.7,0.2,0.1,0.4,0.5,1
E06000023,Bristol,428234,77.9,0.9,0.1,5.1,1.7,0.4,0.8,0.7,1.5,1.6,0.5,0.9,1,2.8,1.6,1.6,0.3,0.6,1
E06000052,Cornwall UA,532273,95.7,0.4,0.1,2,0.2,0.1,0.3,0.2,0.2,0,0.1,0.2,0.2,0.1,0.1,0,0,0.1,0.2
E06000053,Isles of Scilly UA,2203,94.7,0.5,0,3.6,0.1,0.1,0.4,0.1,0,0,0,0,0.1,0,0,0,0,0.2,0.2
E06000024,North Somerset UA,202566,94.1,0.5,0.1,2.6,0.3,0.1,0.3,0.2,0.4,0.1,0.1,0.3,0.3,0.2,0.1,0,0.1,0.1,0.3
E06000026,Plymouth UA,256384,92.9,0.4,0.1,2.7,0.4,0.2,0.4,0.3,0.3,0.1,0.1,0.5,0.5,0.4,0.1,0.1,0.2,0.2,0.5
E06000029,Poole UA,147645,91.9,0.5,0.1,3.3,0.3,0.2,0.5,0.3,0.7,0.1,0.3,0.5,0.7,0.2,0.1,0,0.1,0.2,0.4
E06000025,South Gloucestershire UA,262767,91.9,0.5,0.1,2.5,0.6,0.2,0.4,0.3,1,0.3,0.1,0.5,0.6,0.4,0.4,0.1,0.1,0.2,0.4
E06000030,Swindon UA,209156,84.6,0.9,0.1,4.2,0.7,0.3,0.6,0.5,3.3,0.6,0.4,0.5,1.6,0.8,0.4,0.2,0.1,0.3,0.5
E06000027,Torbay UA,130959,94.8,0.5,0,2.2,0.3,0.1,0.3,0.3,0.3,0.1,0.1,0.2,0.4,0.1,0.1,0,0.1,0.1,0.2
E06000054,Wiltshire UA,470981,93.4,0.5,0.2,2.6,0.4,0.1,0.4,0.3,0.3,0,0.1,0.3,0.6,0.3,0.2,0.1,0.1,0.2,0.5
,,,,,,,,,,,,,,,,,,,,,0
E10000008,Devon ,746399,94.9,0.4,0.1,2.1,0.2,0.1,0.3,0.2,0.3,0,0.1,0.4,0.4,0.1,0.1,0,0.1,0.1,0.3
E07000040,East Devon,132457,96.2,0.4,0.1,1.7,0.2,0.1,0.3,0.2,0.2,0,0.1,0.2,0.3,0.1,0,0,0,0.1,0.2
E07000041,Exeter,117773,88.3,0.5,0.1,4.1,0.3,0.2,0.7,0.4,0.8,0.1,0.2,1.7,1.1,0.4,0.1,0,0.6,0.3,1
E07000042,Mid Devon,77750,95.9,0.4,0.1,2.3,0.2,0.1,0.2,0.1,0.1,0,0,0.2,0.2,0.1,0,0,0,0.1,0.2
E07000043,North Devon,93667,95.9,0.3,0,1.7,0.3,0.1,0.3,0.1,0.2,0.1,0.1,0.2,0.3,0.1,0.1,0,0.1,0.1,0.2
E07000044,South Hams,83140,95.8,0.4,0.1,2,0.2,0.1,0.3,0.2,0.1,0,0.1,0.1,0.2,0.1,0,0,0.1,0.1,0.3
E07000045,Teignbridge,124220,96.2,0.4,0.1,1.7,0.2,0.1,0.3,0.2,0.1,0,0.1,0.3,0.2,0,0,0,0,0.1,0.2
E07000046,Torridge,63839,97.1,0.3,0.1,1.2,0.2,0.1,0.2,0.2,0.1,0,0,0.2,0.1,0,0.1,0,0,0.1,0.2
E07000047,West Devon,53553,96.4,0.4,0,1.6,0.2,0.1,0.2,0.2,0.1,0,0,0.2,0.2,0,0,0,0.1,0.1,0.2
,,,,,,,,,,,,,,,,,,,,,0
E10000009,Dorset ,412905,95.5,0.5,0.1,1.8,0.2,0.1,0.3,0.2,0.2,0,0.1,0.2,0.4,0.1,0.1,0,0,0.1,0.2
E07000048,Christchurch,47752,95.1,0.6,0.1,1.7,0.2,0.1,0.4,0.3,0.2,0,0.1,0.4,0.4,0.1,0.1,0,0,0.1,0.2
E07000049,East Dorset,87166,96.2,0.4,0.2,1.4,0.2,0.1,0.3,0.2,0.2,0,0.2,0.2,0.2,0.1,0,0,0,0.1,0.3
E07000050,North Dorset,68583,94.7,0.4,0.1,2.4,0.2,0.1,0.3,0.2,0.2,0,0.1,0.2,0.7,0.2,0.1,0,0,0.1,0.2
E07000051,Purbeck,44973,96.2,0.5,0.2,1.7,0.2,0.1,0.2,0.2,0.1,0,0.1,0.1,0.2,0.1,0,0,0,0,0.2
E07000052,West Dorset,99264,95.7,0.5,0.1,1.7,0.2,0.1,0.3,0.2,0.2,0.1,0.1,0.2,0.3,0.1,0,0,0,0.1,0.2
E07000053,Weymouth and Portland,65167,94.9,0.5,0.1,2,0.4,0.1,0.3,0.2,0.1,0,0.1,0.3,0.4,0.2,0.2,0.1,0,0.1,0.2
,,,,,,,,,,,,,,,,,,,,,0
E10000013,Gloucestershire ,596984,91.6,0.6,0.1,3.1,0.6,0.2,0.4,0.3,1,0.2,0.2,0.3,0.5,0.4,0.4,0.1,0.1,0.1,0.3
E07000078,Cheltenham,115732,88.3,0.9,0.1,5,0.4,0.2,0.6,0.4,1.4,0.2,0.3,0.7,0.7,0.5,0.1,0.1,0.1,0.2,0.4
E07000079,Cotswold,82881,94.5,0.6,0.1,2.7,0.2,0.1,0.3,0.2,0.3,0,0,0.3,0.4,0.2,0.1,0.1,0,0.1,0.2
E07000080,Forest of Dean,81961,96.7,0.3,0.1,1.4,0.2,0.1,0.2,0.1,0.2,0,0,0.2,0.2,0.1,0.1,0.1,0,0.1,0.2
E07000081,Gloucester,121688,84.6,0.7,0.1,3.8,1.8,0.3,0.5,0.5,2.6,0.5,0.4,0.4,0.9,0.9,1.5,0.4,0.1,0.2,0.4
E07000082,Stroud,112779,94.9,0.5,0.1,2.4,0.3,0.1,0.4,0.3,0.2,0,0,0.2,0.3,0.1,0.1,0,0,0.1,0.2
E07000083,Tewkesbury,81943,94,0.6,0.4,2.6,0.4,0.1,0.3,0.2,0.5,0.1,0.1,0.2,0.3,0.2,0.1,0.1,0,0.1,0.5
,,,,,,,,,,,,,,,,,,,,,0
E10000027,Somerset,529972,94.6,0.4,0.1,2.8,0.2,0.1,0.3,0.2,0.2,0,0.1,0.2,0.4,0.1,0.1,0,0,0.1,0.2
E07000187,Mendip,109279,94.2,0.5,0.2,3,0.2,0.1,0.3,0.2,0.2,0,0.1,0.2,0.3,0.1,0.1,0,0,0.1,0.3
E07000188,Sedgemoor,114588,95.3,0.4,0.1,2.6,0.2,0.1,0.2,0.2,0.1,0,0.1,0.1,0.2,0.1,0,0,0,0.1,0.2
E07000189,South Somerset,161243,95,0.3,0.1,2.7,0.2,0.1,0.2,0.2,0.2,0.1,0.1,0.2,0.3,0.1,0.1,0,0,0.1,0.2
E07000190,Taunton Deane,110187,93.5,0.5,0.2,3.1,0.2,0.2,0.3,0.2,0.3,0.1,0.1,0.4,0.6,0.2,0.1,0,0.1,0.1,0.4
E07000191,West Somerset,34675,95.8,0.4,0,2.4,0.2,0.1,0.2,0.1,0.1,0,0.1,0.1,0.3,0,0,0,0,0.1,0.1
,,,,,,,,,,,,,,,,,,,,,0
W92000004,WALES,3063456,93.2,0.5,0.1,1.8,0.4,0.1,0.3,0.2,0.6,0.4,0.3,0.4,0.5,0.4,0.1,0.1,0.3,0.2,0.6
,,,,,,,,,,,,,,,,,,,,,0
W06000001,Isle of Anglesey,69751,96.6,0.7,0.1,0.9,0.3,0.1,0.3,0.1,0.2,0,0.1,0.2,0.2,0.1,0,0,0.2,0.1,0.4
W06000002,Gwynedd,121874,94.4,0.5,0.1,1.5,0.2,0.1,0.3,0.2,0.4,0.2,0.1,0.7,0.3,0.2,0.1,0,0.6,0.1,0.8
W06000003,Conwy,115228,95.4,0.7,0.1,1.5,0.3,0.1,0.2,0.2,0.3,0.1,0.1,0.3,0.3,0.1,0,0,0.2,0.1,0.4
W06000004,Denbighshire,93734,95.6,0.6,0,1.2,0.3,0.1,0.3,0.2,0.3,0.2,0.1,0.4,0.6,0.1,0,0,0,0.1,0.1
W06000005,Flintshire,152506,95.9,0.5,0.1,2.1,0.2,0.1,0.2,0.1,0.2,0.1,0.1,0.2,0.2,0.1,0,0,0,0.1,0.2
W06000006,Wrexham,134844,93.1,0.4,0.1,3.4,0.2,0.1,0.2,0.2,0.6,0.1,0.2,0.3,0.5,0.4,0,0,0.1,0.1,0.3
W06000023,Powys,132976,96.1,0.4,0.1,1.8,0.2,0.1,0.2,0.1,0.1,0,0.1,0.1,0.6,0,0.1,0,0,0.1,0.2
W06000008,Ceredigion,75922,93.1,0.6,0.1,2.9,0.3,0.1,0.3,0.3,0.5,0.1,0.1,0.4,0.3,0.2,0.1,0,0.3,0.2,0.6
W06000009,Pembrokeshire,122439,95.6,0.7,0.4,1.4,0.2,0.1,0.2,0.1,0.3,0.1,0.1,0.2,0.4,0.1,0,0,0,0.1,0.5
W06000010,Carmarthenshire,183777,95.5,0.4,0.2,2,0.2,0.1,0.2,0.1,0.3,0.1,0.1,0.2,0.4,0.1,0.1,0,0.1,0.1,0.4
W06000011,Swansea,239023,91.5,0.5,0,2,0.2,0.1,0.3,0.2,0.6,0.2,0.8,0.9,0.7,0.7,0.1,0,0.7,0.3,1
W06000012,Neath Port Talbot,139812,96.9,0.3,0.1,0.7,0.3,0.1,0.2,0.1,0.2,0.1,0.2,0.2,0.3,0.1,0.1,0,0,0.1,0.2
W06000013,Bridgend ,139178,96,0.3,0,1.4,0.2,0.1,0.2,0.2,0.2,0.1,0.1,0.3,0.4,0.1,0.1,0,0.1,0.1,0.2
W06000014,The Vale of Glamorgan,126336,94.4,0.5,0,1.6,0.5,0.2,0.3,0.3,0.4,0.2,0.1,0.4,0.5,0.1,0.2,0.1,0.1,0.1,0.2
W06000015,Cardiff,346090,80.3,0.7,0.2,3.5,1.1,0.5,0.7,0.6,2.3,1.8,1.4,1.2,1.3,1.5,0.4,0.5,1.4,0.6,2.2
W06000016,Rhondda Cynon Taf,234410,96.3,0.2,0,0.8,0.2,0.1,0.2,0.1,0.3,0.1,0,0.5,0.4,0.5,0,0,0.1,0.1,0.2
W06000024,Merthyr Tydfil,58802,94.6,0.2,0.1,2.7,0.3,0.1,0.3,0.2,0.3,0.1,0.1,0.2,0.5,0.2,0,0,0.1,0.1,0.3
W06000018,Caerphilly,178806,97.3,0.2,0,0.8,0.3,0.1,0.2,0.2,0.2,0.1,0,0.3,0.2,0.1,0.1,0,0,0.1,0.1
W06000019,Blaenau Gwent,69814,97.3,0.1,0.1,0.9,0.2,0.1,0.2,0.1,0.3,0.1,0,0.2,0.1,0.1,0,0,0,0.1,0.2
W06000020,Torfaen,91075,96.9,0.3,0.2,0.6,0.3,0.1,0.2,0.1,0.2,0.1,0.1,0.2,0.5,0.1,0.1,0,0,0.1,0.3
W06000021,Monmouthshire,91323,96.1,0.4,0,1.5,0.2,0.1,0.3,0.2,0.3,0.1,0,0.2,0.4,0.1,0,0,0.1,0.1,0.2
W06000022,Newport,145736,87,0.5,0.1,2.3,0.9,0.2,0.5,0.3,0.8,2.1,1.2,0.4,0.9,1,0.5,0.2,0.6,0.4,1.1
