LAname,geography code,Sex,16 and over,16 to 19,20 to 21,22 to 24,25 to 29,30 to 34,35 to 39,40 to 44,45 to 49,50 to 54,55 to 59,60 to 64,65 and over
DARLINGTON,E06000005,All,2748,2109,186,106,112,66,51,39,29,19,8,4,19
COUNTY DURHAM,E06000047,All,23918,13699,5552,2185,1061,449,348,222,129,64,40,40,129
HARTLEPOOL,E06000001,All,3057,2382,223,132,96,55,48,31,23,12,13,9,33
MIDDLESBROUGH,E06000002,All,7475,4039,1280,980,515,261,170,89,42,22,21,14,42
NORTHUMBERLAND,E06000057,All,8151,6363,587,358,254,137,103,79,89,52,22,31,76
REDCAR AND CLEVELAND,E06000003,All,4155,3277,278,158,161,83,49,55,29,15,14,8,28
STOCKTON-ON-TEES,E06000004,All,7296,4982,996,527,334,141,102,66,32,21,17,20,58
GATESHEAD,E08000037,All,6869,4603,605,526,471,218,143,106,56,38,19,18,66
NEWCASTLE UPON TYNE,E08000021,All,29307,10648,8852,5715,2187,833,466,230,142,69,32,28,105
NORTH TYNESIDE,E08000022,All,5335,3851,417,285,263,170,114,87,34,23,21,16,54
SOUTH TYNESIDE,E08000023,All,4627,3275,417,287,254,137,84,67,29,22,8,18,29
SUNDERLAND,E08000024,All,10803,6508,1570,1379,546,265,184,138,60,36,23,24,70
BLACKBURN WITH DARWEN,E06000008,All,6087,4340,608,377,223,154,162,84,54,32,5,10,38
BLACKPOOL,E06000009,All,3827,2749,294,238,144,106,91,62,47,23,16,13,44
CHESHIRE EAST,E06000049,All,11385,8262,1210,689,355,208,186,145,103,55,30,41,101
CHESHIRE WEST AND CHESTER,E06000050,All,10788,7119,1542,923,441,185,142,141,82,54,37,28,94
HALTON,E06000006,All,3884,2944,278,183,156,108,70,43,29,21,8,8,36
WARRINGTON,E06000007,All,5468,4101,473,276,185,106,115,80,46,21,12,7,46
ALLERDALE,E07000026,All,2144,1771,105,48,51,40,27,26,22,11,3,8,32
BARROW-IN-FURNESS,E07000027,All,1617,1315,81,58,37,37,19,22,18,8,2,5,15
CARLISLE,E07000028,All,2785,1864,365,214,132,66,47,21,27,15,6,4,24
COPELAND,E07000029,All,1611,1365,73,48,26,20,20,17,9,5,3,2,23
EDEN,E07000030,All,1073,786,130,46,25,20,11,12,8,7,5,6,17
SOUTH LAKELAND,E07000031,All,2317,1856,143,71,54,48,29,32,22,9,10,17,26
BOLTON,E08000001,All,10349,7131,1073,710,481,292,220,163,96,63,26,19,75
BURY,E08000002,All,6105,4479,486,338,248,180,112,108,46,22,14,14,58
MANCHESTER,E08000003,All,54058,19097,15219,9877,5250,2177,1097,649,296,148,83,50,115
OLDHAM,E08000004,All,8163,5941,750,528,343,189,131,113,54,23,15,19,57
ROCHDALE,E08000005,All,8053,5929,742,463,291,191,172,83,58,34,16,22,52
SALFORD,E08000006,All,10122,5431,1518,1201,909,436,256,147,75,36,34,22,57
STOCKPORT,E08000007,All,8711,6043,785,650,419,219,189,151,86,45,21,37,66
TAMESIDE,E08000008,All,6886,5115,562,356,266,188,150,118,47,17,12,15,40
TRAFFORD,E08000009,All,7218,5126,565,456,370,230,151,103,83,51,18,23,42
WIGAN,E08000010,All,8333,6346,530,373,325,213,185,123,72,33,24,31,78
BURNLEY,E07000117,All,2758,2058,203,137,127,70,46,44,27,15,6,9,16
CHORLEY,E07000118,All,2602,1928,195,137,89,61,50,51,38,13,5,13,22
FYLDE,E07000119,All,1793,1391,92,72,69,43,27,31,14,20,7,8,19
HYNDBURN,E07000120,All,2520,1907,190,125,104,58,53,25,14,8,8,6,22
LANCASTER,E07000121,All,11235,5304,3550,1348,469,199,128,82,62,22,18,12,41
PENDLE,E07000122,All,2660,1976,232,145,89,60,49,39,16,8,12,6,28
PRESTON,E07000123,All,8556,4091,2166,1335,473,177,120,68,35,25,13,10,43
RIBBLE VALLEY,E07000124,All,1510,1220,76,50,48,27,23,18,17,6,7,4,14
ROSSENDALE,E07000125,All,2154,1684,129,89,75,40,56,27,14,10,7,9,14
SOUTH RIBBLE,E07000126,All,2684,2007,194,146,97,62,50,40,27,13,10,9,29
WEST LANCASHIRE,E07000127,All,4687,3045,857,312,164,70,71,52,37,22,11,7,39
WYRE,E07000128,All,3019,2286,235,143,103,64,52,34,32,14,9,16,31
KNOWSLEY,E08000011,All,5149,3823,458,271,202,115,84,54,45,23,11,15,48
LIVERPOOL,E08000012,All,36848,15875,10038,5892,2663,978,538,350,196,86,36,51,145
SEFTON,E08000014,All,8719,6291,887,514,316,189,146,119,74,47,25,26,85
ST. HELENS,E08000013,All,5317,4067,438,262,189,83,87,63,33,11,18,16,50
WIRRAL,E08000015,All,10554,7836,819,513,439,262,183,161,109,49,33,38,112
EAST RIDING OF YORKSHIRE,E06000011,All,9209,7194,670,339,252,160,159,119,97,53,32,38,96
"KINGSTON UPON HULL, CITY OF",E06000010,All,13270,6419,3078,1990,815,369,226,130,83,36,30,19,75
NORTH EAST LINCOLNSHIRE,E06000012,All,4843,3435,416,327,211,122,118,75,40,22,18,18,41
NORTH LINCOLNSHIRE,E06000013,All,4585,3474,351,227,173,106,76,53,45,23,10,15,32
YORK,E06000014,All,14412,5845,4285,2393,1006,360,200,139,58,28,19,22,57
CRAVEN,E07000163,All,1304,1069,65,32,34,21,19,20,12,5,6,8,13
HAMBLETON,E07000164,All,1972,1596,105,78,38,34,21,26,26,3,7,5,33
HARROGATE,E07000165,All,3809,3103,171,137,89,60,48,58,35,21,19,21,47
RICHMONDSHIRE,E07000166,All,940,760,32,34,22,18,18,21,5,4,4,7,15
RYEDALE,E07000167,All,1291,1115,54,22,19,18,8,11,14,8,4,4,14
SCARBOROUGH,E07000168,All,3166,2120,428,223,121,63,39,42,40,19,20,10,41
SELBY,E07000169,All,1888,1558,86,77,36,34,31,19,18,7,5,5,12
BARNSLEY,E08000016,All,6263,4803,412,291,204,136,115,78,73,39,13,24,75
DONCASTER,E08000017,All,8807,6480,704,437,347,258,224,109,59,53,26,29,81
ROTHERHAM,E08000018,All,7438,5775,551,362,234,141,117,71,59,29,18,16,65
SHEFFIELD,E08000019,All,44293,19084,12137,7287,2935,1217,682,403,202,87,45,59,155
BRADFORD,E08000032,All,23372,14882,2974,1976,1385,763,553,356,184,83,43,51,122
CALDERDALE,E08000033,All,6168,4610,446,327,246,136,127,106,42,28,31,14,55
KIRKLEES,E08000034,All,17647,10605,2704,1723,1056,562,345,247,143,56,44,46,116
LEEDS,E08000035,All,46143,21304,12549,6616,2689,1179,713,414,207,136,59,69,208
WAKEFIELD,E08000036,All,8509,6769,554,347,267,160,123,88,49,27,25,28,72
DERBY,E06000015,All,11268,6153,2206,1361,703,276,237,132,67,29,19,21,64
LEICESTER,E06000016,All,27657,11994,7134,4341,1981,920,596,284,165,71,47,19,105
NOTTINGHAM,E06000018,All,37777,13930,12764,6415,2510,963,540,305,137,59,33,23,98
RUTLAND,E06000017,All,1576,1404,32,30,33,13,6,12,18,11,3,4,10
AMBER VALLEY,E07000032,All,3131,2472,178,104,103,57,55,56,33,16,5,12,40
BOLSOVER,E07000033,All,1969,1552,135,82,56,28,34,28,15,7,7,6,19
CHESTERFIELD,E07000034,All,2804,2207,152,111,87,71,37,40,23,20,4,14,38
DERBYSHIRE DALES,E07000035,All,1707,1359,106,65,36,19,30,20,25,8,9,8,22
EREWASH,E07000036,All,2987,2304,182,146,101,63,67,45,30,17,3,5,24
HIGH PEAK,E07000037,All,2905,2097,330,158,93,73,36,35,28,11,6,7,31
NORTH EAST DERBYSHIRE,E07000038,All,2496,1972,157,146,45,38,39,25,25,9,4,10,26
SOUTH DERBYSHIRE,E07000039,All,2527,2017,166,96,90,35,37,34,20,6,8,4,14
BLABY,E07000129,All,2508,1887,207,158,93,45,36,27,23,9,1,5,17
CHARNWOOD,E07000130,All,14298,6385,4243,2402,656,240,132,96,58,14,21,13,38
HARBOROUGH,E07000131,All,2418,1869,176,137,89,23,21,40,29,9,11,4,10
HINCKLEY AND BOSWORTH,E07000132,All,2634,1975,204,142,102,47,30,38,28,13,5,10,40
MELTON,E07000133,All,1239,944,97,63,38,18,19,7,8,7,4,14,20
NORTH WEST LEICESTERSHIRE,E07000134,All,2625,1796,296,205,144,42,39,31,28,4,4,7,29
OADBY AND WIGSTON,E07000135,All,3561,2529,462,231,153,55,37,26,26,12,4,7,19
BOSTON,E07000136,All,1456,1224,61,36,46,25,11,16,9,3,10,3,12
EAST LINDSEY,E07000137,All,3252,2656,164,89,82,55,34,48,33,17,11,15,48
LINCOLN,E07000138,All,6293,3076,2103,640,210,105,57,34,21,13,7,6,21
NORTH KESTEVEN,E07000139,All,2553,2045,135,62,83,42,52,41,29,12,9,11,32
SOUTH HOLLAND,E07000140,All,1854,1614,61,40,35,22,25,20,10,6,4,2,15
SOUTH KESTEVEN,E07000141,All,3118,2601,124,93,60,69,56,48,21,13,5,13,15
WEST LINDSEY,E07000142,All,2375,1972,104,74,51,36,34,34,29,10,7,7,17
CORBY,E07000150,All,1511,1182,106,49,54,23,32,29,14,2,4,4,12
DAVENTRY,E07000151,All,1988,1604,113,68,59,29,31,27,22,5,4,2,24
EAST NORTHAMPTONSHIRE,E07000152,All,2512,2118,89,70,43,35,52,37,15,14,4,12,23
KETTERING,E07000153,All,2104,1672,112,80,77,41,51,21,25,8,2,4,11
NORTHAMPTON,E07000154,All,7891,4572,1339,794,496,256,158,114,55,26,16,24,41
SOUTH NORTHAMPTONSHIRE,E07000155,All,1856,1543,80,68,30,34,18,23,10,17,4,9,20
WELLINGBOROUGH,E07000156,All,1852,1433,114,66,71,41,51,28,13,5,5,5,20
ASHFIELD,E07000170,All,2942,2306,212,120,91,65,52,26,14,15,9,4,28
BASSETLAW,E07000171,All,2926,2350,160,90,88,57,47,45,21,14,20,8,26
BROXTOWE,E07000172,All,4590,2420,617,554,455,237,135,66,44,15,7,7,33
GEDLING,E07000173,All,3023,2337,201,138,95,61,50,41,26,15,10,17,32
MANSFIELD,E07000174,All,2675,2138,142,78,79,66,58,31,20,16,11,9,27
NEWARK AND SHERWOOD,E07000175,All,3165,2381,259,155,93,77,71,53,24,20,5,11,16
RUSHCLIFFE,E07000176,All,4474,2619,1003,429,164,72,49,43,27,20,13,11,24
"HEREFORDSHIRE, COUNTY OF",E06000019,All,4874,3555,409,264,204,113,88,65,49,32,23,12,60
SHROPSHIRE,E06000051,All,8801,6594,721,475,280,187,154,130,80,38,32,36,74
STOKE-ON-TRENT,E06000021,All,10295,6100,1690,1004,630,315,212,142,65,32,11,26,68
TELFORD AND WREKIN,E06000020,All,6236,4094,855,652,177,153,105,62,32,28,17,16,45
CANNOCK CHASE,E07000192,All,2609,2053,162,100,74,66,60,28,26,6,4,8,22
EAST STAFFORDSHIRE,E07000193,All,3090,2406,195,122,108,75,44,46,29,18,8,8,31
LICHFIELD,E07000194,All,2804,2177,202,119,98,43,51,43,32,10,3,6,20
NEWCASTLE-UNDER-LYME,E07000195,All,7084,3716,1906,839,288,117,76,45,38,15,6,4,34
SOUTH STAFFORDSHIRE,E07000196,All,3171,2445,264,168,92,32,63,36,16,13,0,16,26
STAFFORD,E07000197,All,4935,2976,802,501,240,127,121,50,47,23,4,5,39
STAFFORDSHIRE MOORLANDS,E07000198,All,2390,1851,153,111,71,54,56,32,24,9,7,4,18
TAMWORTH,E07000199,All,2018,1579,105,88,83,46,49,29,12,6,4,3,14
NORTH WARWICKSHIRE,E07000218,All,1548,1212,103,71,48,22,24,18,13,3,9,4,21
NUNEATON AND BEDWORTH,E07000219,All,3296,2526,200,149,140,76,79,52,19,3,10,9,33
RUGBY,E07000220,All,2844,2269,129,110,100,52,57,44,32,10,6,11,24
STRATFORD-ON-AVON,E07000221,All,3008,2224,278,142,103,46,45,43,33,21,12,13,48
WARWICK,E07000222,All,9262,3370,3292,1368,759,189,95,64,40,18,13,9,45
BIRMINGHAM,E08000025,All,74273,38548,14855,9997,4957,2435,1388,903,444,215,110,96,325
COVENTRY,E08000026,All,24267,10894,5716,3821,2056,777,452,250,115,55,22,20,89
DUDLEY,E08000027,All,9685,7478,738,378,353,186,172,152,68,19,20,24,97
SANDWELL,E08000028,All,11778,8461,1118,671,591,323,220,141,76,40,31,12,94
SOLIHULL,E08000029,All,6537,4958,453,357,249,150,117,79,45,30,9,20,70
WALSALL,E08000030,All,9587,7114,914,492,357,223,155,110,79,25,18,28,72
WOLVERHAMPTON,E08000031,All,11065,7032,1253,1029,794,320,248,152,89,40,12,26,70
BROMSGROVE,E07000234,All,2852,2184,176,173,120,54,41,35,22,7,1,10,29
MALVERN HILLS,E07000235,All,2592,2052,134,104,88,46,40,37,25,16,14,10,26
REDDITCH,E07000236,All,2406,1626,247,136,178,71,40,36,25,11,11,5,20
WORCESTER,E07000237,All,4055,2271,918,425,185,83,52,39,33,9,10,9,21
WYCHAVON,E07000238,All,2868,2181,196,157,108,46,43,46,32,17,6,10,26
WYRE FOREST,E07000239,All,2417,1848,161,128,77,45,54,37,11,15,6,14,21
BEDFORD,E06000055,All,6255,3945,896,536,330,173,115,92,52,31,8,16,61
CENTRAL BEDFORDSHIRE,E06000056,All,7794,4935,533,715,685,350,248,159,55,30,20,14,50
LUTON,E06000032,All,10729,5672,1378,1296,1388,398,280,151,70,28,17,8,43
PETERBOROUGH,E06000031,All,5126,3958,378,196,204,120,90,67,38,14,12,8,41
SOUTHEND-ON-SEA,E06000033,All,4795,3550,365,255,175,134,112,59,48,22,10,12,53
THURROCK,E06000034,All,4008,3059,259,154,157,125,82,68,42,14,9,5,34
CAMBRIDGE,E07000008,All,21481,6472,6305,4294,2894,831,293,146,90,66,23,19,48
EAST CAMBRIDGESHIRE,E07000009,All,1797,1442,89,57,68,30,21,26,26,9,1,8,20
FENLAND,E07000010,All,2157,1820,94,46,42,38,30,26,19,7,5,7,23
HUNTINGDONSHIRE,E07000011,All,4016,3149,229,129,131,95,76,64,46,22,15,16,44
SOUTH CAMBRIDGESHIRE,E07000012,All,4318,2940,439,248,216,130,99,63,70,38,15,14,46
BASILDON,E07000066,All,4310,3383,250,184,132,85,90,66,41,18,16,14,31
BRAINTREE,E07000067,All,3165,2596,153,96,71,50,45,57,34,10,9,7,37
BRENTWOOD,E07000068,All,2336,1850,140,116,64,27,26,36,40,8,9,4,16
CASTLE POINT,E07000069,All,1861,1557,99,55,43,23,18,15,14,7,5,7,18
CHELMSFORD,E07000070,All,4860,3401,518,333,222,115,79,73,33,24,14,13,35
COLCHESTER,E07000071,All,8969,4309,2102,1084,706,310,174,117,59,24,20,17,47
EPPING FOREST,E07000072,All,4070,2991,372,293,134,72,53,48,31,29,10,9,28
HARLOW,E07000073,All,2109,1660,120,86,73,51,35,27,17,13,16,2,9
MALDON,E07000074,All,1361,1096,74,54,26,19,20,23,9,7,6,6,21
ROCHFORD,E07000075,All,1853,1501,120,60,42,31,22,22,9,9,12,4,21
TENDRING,E07000076,All,3249,2658,149,100,84,53,43,47,35,20,9,8,43
UTTLESFORD,E07000077,All,2377,1903,140,87,72,25,47,28,25,20,8,3,19
BROXBOURNE,E07000095,All,2938,2208,247,163,75,48,55,46,29,15,10,3,39
DACORUM,E07000096,All,4021,2977,329,243,115,92,65,60,42,23,13,22,40
EAST HERTFORDSHIRE,E07000242,All,4428,3599,271,172,102,61,41,58,48,20,9,12,35
HERTSMERE,E07000098,All,4402,2610,469,716,286,92,66,51,35,13,10,14,40
NORTH HERTFORDSHIRE,E07000099,All,3440,2512,238,212,181,74,61,54,34,22,18,7,27
ST ALBANS,E07000240,All,4624,3214,420,339,218,116,97,76,50,32,25,8,29
STEVENAGE,E07000243,All,2278,1624,189,151,119,52,51,29,26,7,10,4,16
THREE RIVERS,E07000102,All,2843,2084,269,192,96,48,41,38,21,17,10,8,19
WATFORD,E07000103,All,3070,2053,279,267,202,88,52,59,26,17,5,5,17
WELWYN HATFIELD,E07000241,All,8955,3519,2480,1664,825,222,89,50,39,22,6,10,29
BRECKLAND,E07000143,All,2854,2247,164,108,108,46,46,42,22,12,13,13,33
BROADLAND,E07000144,All,2571,2008,160,97,78,54,50,41,15,8,12,15,33
GREAT YARMOUTH,E07000145,All,2543,1968,151,91,98,61,32,47,24,18,8,12,33
KING`S LYNN AND WEST NORFOLK,E07000146,All,3322,2655,201,100,91,55,46,44,26,26,11,15,52
NORTH NORFOLK,E07000147,All,2014,1650,78,65,40,22,32,30,22,22,10,13,30
NORWICH,E07000148,All,9634,3593,2844,1737,753,291,164,100,46,31,18,17,40
SOUTH NORFOLK,E07000149,All,2855,2260,143,110,86,45,55,59,36,20,12,8,21
BABERGH,E07000200,All,2140,1782,81,61,35,26,36,39,34,10,3,13,20
FOREST HEATH,E07000201,All,1218,859,86,75,74,48,27,12,8,7,3,5,14
IPSWICH,E07000202,All,3749,2815,292,171,169,97,65,48,40,12,12,4,24
MID SUFFOLK,E07000203,All,2043,1697,80,50,58,32,18,37,23,10,8,9,21
ST EDMUNDSBURY,E07000204,All,2533,2014,106,93,92,58,47,56,22,13,5,6,21
SUFFOLK COASTAL,E07000205,All,2834,2373,126,74,73,24,37,31,19,20,9,15,33
WAVENEY,E07000206,All,2575,2118,114,74,59,48,39,35,23,12,9,6,38
CAMDEN,E09000007,All,22772,7751,5518,4612,2454,1046,548,338,178,108,71,41,107
CITY OF LONDON,E09000001,All,363,110,66,100,46,11,8,8,5,2,3,2,2
HACKNEY,E09000012,All,16482,7299,2406,2462,2067,902,557,349,225,78,40,31,66
HAMMERSMITH AND FULHAM,E09000013,All,11960,4171,2443,2558,1423,544,317,205,117,56,21,25,80
HARINGEY,E09000014,All,15975,7776,2127,2249,1570,917,558,340,200,88,45,27,78
ISLINGTON,E09000019,All,16490,5846,3228,3391,2092,811,430,293,175,83,43,24,74
KENSINGTON AND CHELSEA,E09000020,All,11072,3973,2340,2281,1132,528,259,177,132,91,49,42,68
LAMBETH,E09000022,All,16118,7147,2306,2453,1901,916,508,338,244,104,52,39,110
LEWISHAM,E09000023,All,15061,7603,2051,1924,1442,696,437,465,194,98,39,27,85
NEWHAM,E09000025,All,24991,10468,3844,3833,3800,1457,595,481,247,117,51,27,71
SOUTHWARK,E09000028,All,22296,8520,4350,4023,2841,1014,562,411,257,119,54,45,100
TOWER HAMLETS,E09000030,All,19440,7421,3955,3898,2356,920,384,203,108,74,37,23,61
WANDSWORTH,E09000032,All,14643,6359,2316,2278,1840,659,413,303,175,97,62,40,101
WESTMINSTER,E09000033,All,17882,6328,3328,3450,2494,1060,481,272,164,102,54,44,105
BARKING AND DAGENHAM,E09000002,All,9508,5657,1023,812,796,458,342,189,112,52,15,10,42
BARNET,E09000003,All,21158,11156,2831,2698,2035,884,560,407,244,125,72,43,103
BEXLEY,E09000004,All,9240,6000,1175,706,446,310,181,168,85,36,20,18,95
BRENT,E09000005,All,19970,10304,2737,2487,2082,905,530,370,247,94,53,40,121
BROMLEY,E09000006,All,10680,7376,951,802,548,284,228,158,116,45,36,36,100
CROYDON,E09000008,All,16694,10688,1789,1430,1095,587,363,274,192,87,46,36,107
EALING,E09000009,All,18814,9904,2627,2409,1826,761,470,369,199,78,45,28,98
ENFIELD,E09000010,All,17234,10487,2284,1556,1048,587,466,358,197,91,44,25,91
GREENWICH,E09000011,All,13981,7185,1939,1754,1210,752,384,358,188,74,39,25,73
HARROW,E09000015,All,13454,8299,1863,1412,825,414,227,146,95,47,27,29,70
HAVERING,E09000016,All,7993,5639,756,523,375,228,117,106,76,37,12,33,91
HILLINGDON,E09000017,All,16832,8882,3240,2264,1162,539,302,197,96,42,13,19,76
HOUNSLOW,E09000018,All,12802,7033,1710,1566,1225,523,293,181,95,61,29,17,69
KINGSTON UPON THAMES,E09000021,All,10335,4556,2456,1681,857,288,198,118,57,41,23,15,45
MERTON,E09000024,All,9177,5096,1078,1085,845,414,209,191,107,39,25,23,65
REDBRIDGE,E09000026,All,16242,9415,2081,1860,1281,644,390,214,137,78,28,19,95
RICHMOND UPON THAMES,E09000027,All,7404,4312,1022,776,478,210,186,133,103,65,34,29,56
SUTTON,E09000029,All,6479,4582,529,438,316,203,138,100,62,31,23,10,47
WALTHAM FOREST,E09000031,All,15251,7661,2158,1990,1727,779,359,208,148,80,37,34,70
BRACKNELL FOREST,E06000036,All,3025,2462,128,114,87,60,48,40,26,14,6,8,32
BRIGHTON AND HOVE,E06000043,All,20605,8413,5562,3513,1585,591,333,259,148,67,23,34,77
ISLE OF WIGHT,E06000046,All,3683,2933,188,132,118,64,59,49,46,25,12,15,42
MEDWAY,E06000035,All,9942,6895,1286,727,417,212,127,107,56,36,12,12,55
MILTON KEYNES,E06000042,All,7162,4775,427,408,579,396,221,162,80,29,23,23,39
PORTSMOUTH,E06000044,All,16413,6764,5240,2507,967,383,227,136,59,31,18,13,68
READING,E06000038,All,9314,3947,2694,1268,681,325,136,113,53,34,17,12,34
SLOUGH,E06000039,All,5824,3668,699,528,395,207,157,71,43,16,8,9,23
SOUTHAMPTON,E06000045,All,20890,7591,6797,3706,1633,556,284,139,58,38,15,13,60
WEST BERKSHIRE,E06000037,All,3817,3241,124,117,79,37,61,52,33,12,14,12,35
WINDSOR AND MAIDENHEAD,E06000040,All,4623,3488,353,266,159,92,53,67,40,17,12,24,52
WOKINGHAM,E06000041,All,4460,3241,378,273,162,93,97,59,52,23,16,15,51
AYLESBURY VALE,E07000004,All,5170,3704,446,343,265,117,85,71,49,33,20,8,29
CHILTERN,E07000005,All,2725,2126,165,151,97,31,38,32,32,14,7,9,23
SOUTH BUCKS,E07000006,All,2149,1566,141,164,133,36,23,27,16,9,9,12,13
WYCOMBE,E07000007,All,6355,4229,912,524,281,109,74,70,52,29,15,14,46
EASTBOURNE,E07000061,All,3646,2275,633,265,173,84,62,52,34,25,10,3,30
HASTINGS,E07000062,All,2706,1974,208,150,120,67,43,59,26,17,9,11,22
LEWES,E07000063,All,2568,1817,173,146,151,59,49,44,39,27,11,12,40
ROTHER,E07000064,All,2409,1883,160,82,66,39,30,35,26,21,14,17,36
WEALDEN,E07000065,All,3639,2898,203,165,92,54,58,46,41,22,16,13,31
BASINGSTOKE AND DEANE,E07000084,All,3354,2639,166,129,132,63,60,59,41,17,11,11,26
EAST HAMPSHIRE,E07000085,All,3282,2603,213,120,73,56,39,59,37,22,9,8,43
EASTLEIGH,E07000086,All,2894,2055,255,175,115,76,69,40,35,19,11,11,33
FAREHAM,E07000087,All,2744,2064,180,172,97,54,53,41,20,16,6,7,34
GOSPORT,E07000088,All,2166,1669,106,98,95,61,49,34,8,13,2,6,25
HART,E07000089,All,2179,1685,126,109,75,40,36,24,26,25,6,5,22
HAVANT,E07000090,All,2971,2313,168,133,97,63,48,55,17,17,4,7,49
NEW FOREST,E07000091,All,3451,2648,222,182,112,64,53,50,30,19,9,12,50
RUSHMOOR,E07000092,All,2648,1861,246,180,105,61,88,48,27,3,4,9,16
TEST VALLEY,E07000093,All,2847,2195,192,158,74,49,38,34,40,23,9,9,26
WINCHESTER,E07000094,All,5676,3296,1245,572,197,81,71,45,61,36,20,15,37
ASHFORD,E07000105,All,2782,2211,145,104,89,55,38,40,44,13,5,13,25
CANTERBURY,E07000106,All,13975,6450,4453,1866,637,199,99,100,45,32,19,19,56
DARTFORD,E07000107,All,2476,1955,157,109,84,49,33,31,21,11,5,3,18
DOVER,E07000108,All,3230,2519,190,114,106,71,61,59,29,14,19,10,38
GRAVESHAM,E07000109,All,3069,2437,202,129,86,51,52,37,28,9,9,2,27
MAIDSTONE,E07000110,All,4111,3124,259,194,171,103,71,59,40,19,12,10,49
SEVENOAKS,E07000111,All,3369,2765,162,135,73,43,31,44,34,21,12,13,36
SHEPWAY,E07000112,All,2885,2182,184,170,89,62,41,50,37,13,6,12,39
SWALE,E07000113,All,3672,3028,180,100,95,49,53,62,41,16,8,15,25
THANET,E07000114,All,4035,2991,312,198,175,109,70,54,46,24,13,8,35
TONBRIDGE AND MALLING,E07000115,All,3437,2832,175,128,63,34,51,51,42,16,10,12,23
TUNBRIDGE WELLS,E07000116,All,3916,2938,255,220,138,79,59,58,71,21,27,24,26
CHERWELL,E07000177,All,3576,2659,195,184,203,101,66,44,38,23,16,14,33
OXFORD,E07000178,All,25566,7863,7710,5042,3357,882,293,140,95,56,27,25,76
SOUTH OXFORDSHIRE,E07000179,All,3396,2551,192,157,149,81,62,50,53,21,16,21,43
VALE OF WHITE HORSE,E07000180,All,3427,2558,177,209,180,82,53,47,36,14,10,18,43
WEST OXFORDSHIRE,E07000181,All,2317,1783,112,122,79,48,31,44,27,9,12,7,43
ELMBRIDGE,E07000207,All,4151,3141,296,232,143,63,60,57,62,30,17,14,36
EPSOM AND EWELL,E07000208,All,2800,1964,356,209,75,59,33,33,20,14,9,7,21
GUILDFORD,E07000209,All,8691,3859,1941,1577,693,285,121,81,30,34,16,17,37
MOLE VALLEY,E07000210,All,2337,1889,131,119,39,29,20,29,25,12,5,12,27
REIGATE AND BANSTEAD,E07000211,All,3533,2722,237,184,124,54,60,39,24,18,12,18,41
RUNNYMEDE,E07000212,All,5480,2400,1798,793,272,84,62,19,19,8,8,5,12
SPELTHORNE,E07000213,All,2280,1713,170,131,79,54,42,17,24,6,5,8,31
SURREY HEATH,E07000214,All,2191,1730,126,120,82,34,30,23,17,9,1,9,10
TANDRIDGE,E07000215,All,2589,1966,215,150,92,36,25,31,24,11,7,7,25
WAVERLEY,E07000216,All,4427,3362,383,264,128,40,47,49,44,34,13,17,46
WOKING,E07000217,All,2572,1797,184,182,148,79,70,33,26,15,3,8,27
ADUR,E07000223,All,1457,1125,69,71,49,31,35,24,17,11,5,2,18
ARUN,E07000224,All,3319,2410,351,169,124,46,55,38,38,20,11,14,43
CHICHESTER,E07000225,All,3610,2206,679,285,113,54,62,48,38,38,18,22,47
CRAWLEY,E07000226,All,2595,1893,185,130,163,91,48,31,14,16,2,3,19
HORSHAM,E07000227,All,3302,2669,162,135,105,52,38,37,35,24,7,11,27
MID SUSSEX,E07000228,All,3582,2788,194,197,126,72,66,41,28,14,4,22,30
WORTHING,E07000229,All,2291,1586,204,134,118,76,46,34,36,14,7,5,31
BATH AND NORTH EAST SOMERSET,E06000022,All,13238,5977,3641,2291,661,246,127,80,78,34,17,22,64
BOURNEMOUTH,E06000028,All,11132,4494,3071,1968,809,284,186,134,72,26,18,12,58
"BRISTOL, CITY OF",E06000023,All,28990,11430,8410,5211,1986,747,474,286,139,82,41,44,140
CORNWALL,E06000052,All,16816,11331,2145,1160,635,405,310,272,165,95,62,65,171
ISLES OF SCILLY,E06000053,All,13,5,5,0,1,1,0,0,0,0,0,1,0
NORTH SOMERSET,E06000024,All,4638,3324,309,357,186,104,89,82,53,28,15,22,69
PLYMOUTH,E06000026,All,16093,7131,4702,2276,909,369,223,191,100,55,27,30,80
POOLE,E06000029,All,4025,2792,421,274,170,120,60,56,57,17,6,15,37
SOUTH GLOUCESTERSHIRE,E06000025,All,7925,5415,984,555,384,175,117,103,65,21,17,13,76
SWINDON,E06000030,All,4933,3693,265,251,201,127,123,104,51,24,15,23,56
TORBAY,E06000027,All,3049,2334,154,146,132,63,59,45,41,16,14,9,36
WILTSHIRE,E06000054,All,11179,9171,457,339,296,177,182,156,112,66,48,49,126
EAST DEVON,E07000040,All,2737,2217,125,96,63,44,38,30,37,15,16,17,39
EXETER,E07000041,All,11496,4439,4139,1805,540,226,149,78,44,20,12,15,29
MID DEVON,E07000042,All,1782,1454,79,68,56,22,23,17,13,12,6,8,24
NORTH DEVON,E07000043,All,2040,1653,94,67,53,40,26,18,18,15,6,11,39
SOUTH HAMS,E07000044,All,1989,1503,129,79,58,36,39,38,34,16,9,20,28
TEIGNBRIDGE,E07000045,All,2709,2149,146,108,72,48,37,46,37,17,6,11,32
TORRIDGE,E07000046,All,1436,1210,66,36,22,18,16,17,7,4,10,14,16
WEST DEVON,E07000047,All,1279,1019,57,49,33,18,20,30,15,8,8,5,17
CHRISTCHURCH,E07000048,All,1073,784,96,53,39,20,12,8,27,8,6,4,16
EAST DORSET,E07000049,All,1634,1270,113,70,36,39,18,28,20,3,5,5,27
NORTH DORSET,E07000050,All,1910,1620,81,60,35,14,20,16,20,7,4,4,29
PURBECK,E07000051,All,911,709,71,34,23,16,12,10,12,3,8,2,11
WEST DORSET,E07000052,All,2373,1973,92,74,48,32,34,31,25,11,14,12,27
WEYMOUTH AND PORTLAND,E07000053,All,1494,1156,79,68,45,35,26,21,19,21,2,3,19
CHELTENHAM,E07000078,All,5413,3064,1198,547,253,121,83,56,41,16,6,8,20
COTSWOLD,E07000079,All,2676,1726,490,208,82,30,39,31,18,14,3,10,25
FOREST OF DEAN,E07000080,All,2655,2152,209,90,42,32,35,29,12,7,7,9,31
GLOUCESTER,E07000081,All,3713,2460,518,287,149,101,57,62,19,20,7,7,26
STROUD,E07000082,All,2942,2295,176,130,69,48,58,45,39,23,15,13,31
TEWKESBURY,E07000083,All,1783,1369,124,70,58,32,39,28,18,15,4,6,20
MENDIP,E07000187,All,3344,2839,136,108,52,40,27,42,32,23,11,8,26
SEDGEMOOR,E07000188,All,2813,2223,166,106,69,49,56,48,15,22,12,12,35
SOUTH SOMERSET,E07000189,All,3436,2784,172,129,77,54,64,35,34,17,19,13,38
TAUNTON DEANE,E07000190,All,3132,2320,283,188,93,71,52,38,23,16,15,12,21
WEST SOMERSET,E07000191,All,761,557,75,31,27,5,16,10,10,11,0,2,17
ANGLESEY,W06000001,All,2283,1526,195,162,122,94,47,27,33,11,10,16,40
GWYNEDD,W06000002,All,7838,3632,2128,980,452,238,152,79,52,28,17,20,60
CONWY,W06000003,All,3487,2533,239,187,113,84,92,57,50,30,17,26,59
DENBIGHSHIRE,W06000004,All,3255,2400,261,170,131,72,55,57,29,19,16,15,30
FLINTSHIRE,W06000005,All,4257,3195,268,217,182,120,84,57,39,26,14,14,41
WREXHAM,W06000006,All,4426,2809,522,396,310,130,97,64,26,20,12,13,27
POWYS,W06000023,All,3550,2859,170,138,82,60,59,55,38,12,15,25,37
CEREDIGION,W06000008,All,7861,3540,2761,852,302,131,82,45,36,19,15,13,65
PEMBROKESHIRE,W06000009,All,3326,2616,250,135,82,55,33,32,24,21,10,16,52
CARMARTHENSHIRE,W06000010,All,6021,4364,641,369,220,94,68,58,53,39,28,28,59
SWANSEA,W06000011,All,15383,6777,4004,2311,1116,411,284,164,95,62,28,36,95
NEATH PORT TALBOT,W06000012,All,4411,3323,361,189,156,94,93,72,38,22,12,18,33
BRIDGEND,W06000013,All,4244,3215,301,190,184,99,86,63,26,23,11,11,35
THE VALE OF GLAMORGAN,W06000014,All,4260,3284,273,189,157,93,76,48,39,16,20,17,48
CARDIFF,W06000015,All,28425,11586,8137,4901,1951,799,406,269,143,65,57,31,80
"RHONDDA, CYNON, TAFF",W06000016,All,9958,6180,1341,986,628,286,198,112,57,29,19,35,87
MERTHYR TYDFIL,W06000024,All,2086,1534,184,130,76,36,43,18,22,6,1,11,25
CAERPHILLY,W06000018,All,5901,4490,388,282,200,129,109,105,61,35,23,17,62
BLAENAU GWENT,W06000019,All,2258,1786,165,78,62,27,27,28,23,14,6,9,33
TORFAEN,W06000020,All,2680,2089,167,122,99,59,34,18,21,20,11,7,33
MONMOUTHSHIRE,W06000021,All,2846,2262,146,136,68,43,48,41,30,14,13,17,28
NEWPORT,W06000022,All,5611,3584,843,457,269,166,90,76,37,26,18,10,35
DARLINGTON,E06000005,Men,1408,1181,93,43,32,16,10,7,8,9,1,2,6
COUNTY DURHAM,E06000047,Men,11981,6966,2844,1092,534,172,135,70,58,21,15,11,63
HARTLEPOOL,E06000001,Men,1525,1255,115,58,30,7,14,7,9,6,5,4,15
MIDDLESBROUGH,E06000002,Men,4205,2141,809,603,331,141,78,44,17,8,10,8,15
NORTHUMBERLAND,E06000057,Men,4082,3331,317,156,100,30,26,20,25,21,6,14,36
REDCAR AND CLEVELAND,E06000003,Men,2115,1776,135,67,57,21,7,14,6,11,5,2,14
STOCKTON-ON-TEES,E06000004,Men,3818,2739,497,275,149,42,34,25,10,6,7,6,28
GATESHEAD,E08000037,Men,3575,2450,361,268,239,87,50,36,16,15,10,8,35
NEWCASTLE UPON TYNE,E08000021,Men,16044,5505,4986,3174,1303,480,268,140,75,37,18,9,49
NORTH TYNESIDE,E08000022,Men,2644,2039,214,129,84,54,30,24,9,12,11,12,26
SOUTH TYNESIDE,E08000023,Men,2332,1684,226,138,134,64,26,19,9,9,5,7,11
SUNDERLAND,E08000024,Men,5600,3444,858,711,304,103,57,43,19,13,11,11,26
BLACKBURN WITH DARWEN,E06000008,Men,3121,2386,304,190,79,33,55,25,15,11,2,5,16
BLACKPOOL,E06000009,Men,1887,1442,160,98,42,28,34,22,20,12,9,2,18
CHESHIRE EAST,E06000049,Men,5940,4564,630,343,146,60,34,40,31,18,6,18,50
CHESHIRE WEST AND CHESTER,E06000050,Men,5148,3774,596,374,166,57,39,30,20,25,7,12,48
HALTON,E06000006,Men,1910,1552,141,67,38,30,18,8,14,10,6,5,21
WARRINGTON,E06000007,Men,2875,2292,233,125,88,37,30,24,16,6,4,7,13
ALLERDALE,E07000026,Men,1057,927,49,15,15,11,6,4,5,4,0,5,16
BARROW-IN-FURNESS,E07000027,Men,809,699,42,19,13,7,5,5,6,1,0,4,8
CARLISLE,E07000028,Men,1267,936,143,83,44,17,6,6,8,5,1,4,14
COPELAND,E07000029,Men,875,789,31,23,7,5,4,2,3,2,0,1,8
EDEN,E07000030,Men,569,400,93,27,13,8,6,0,3,5,4,1,9
SOUTH LAKELAND,E07000031,Men,1221,1032,77,38,16,15,4,5,10,4,4,6,10
BOLTON,E08000001,Men,5308,3833,577,350,215,103,64,55,35,20,12,7,37
BURY,E08000002,Men,3195,2450,279,165,104,69,34,37,12,8,7,7,23
MANCHESTER,E08000003,Men,28061,9668,7905,5307,2951,1105,523,282,126,76,46,15,57
OLDHAM,E08000004,Men,4122,3125,384,265,147,45,45,47,16,11,5,10,22
ROCHDALE,E08000005,Men,4066,3165,377,199,124,53,35,25,27,14,10,11,26
SALFORD,E08000006,Men,5288,2800,841,675,513,212,92,62,23,16,22,13,19
STOCKPORT,E08000007,Men,4426,3253,366,324,219,74,38,39,41,21,8,21,22
TAMESIDE,E08000008,Men,3416,2732,267,150,82,55,43,33,17,8,5,8,16
TRAFFORD,E08000009,Men,3731,2855,279,221,138,80,41,26,27,20,12,12,20
WIGAN,E08000010,Men,3956,3265,229,146,106,46,43,24,25,7,10,14,41
BURNLEY,E07000117,Men,1372,1091,90,59,54,22,15,16,8,5,3,4,5
CHORLEY,E07000118,Men,1300,1010,100,51,36,25,17,18,20,3,1,6,13
FYLDE,E07000119,Men,932,777,43,30,30,11,5,9,4,6,1,5,11
HYNDBURN,E07000120,Men,1254,985,104,62,28,16,14,14,5,3,3,4,16
LANCASTER,E07000121,Men,5346,2536,1696,650,226,85,53,36,26,6,9,3,20
PENDLE,E07000122,Men,1250,972,126,60,30,17,8,9,7,1,4,4,12
PRESTON,E07000123,Men,4522,2149,1138,723,293,78,48,26,16,7,7,6,31
RIBBLE VALLEY,E07000124,Men,815,707,32,15,20,8,6,6,5,4,2,1,9
ROSSENDALE,E07000125,Men,1110,910,66,36,29,12,24,6,9,4,4,3,7
SOUTH RIBBLE,E07000126,Men,1364,1089,100,56,32,25,13,12,10,5,6,5,11
WEST LANCASHIRE,E07000127,Men,2212,1517,375,151,72,20,26,16,9,5,4,3,14
WYRE,E07000128,Men,1646,1280,144,71,58,28,17,6,13,4,5,8,12
KNOWSLEY,E08000011,Men,2562,2001,233,132,81,26,15,17,15,9,2,7,24
LIVERPOOL,E08000012,Men,18974,7882,5181,3212,1547,524,260,149,73,30,20,27,69
SEFTON,E08000014,Men,4439,3338,500,256,126,47,35,27,20,24,8,11,47
ST. HELENS,E08000013,Men,2631,2146,199,109,60,29,17,18,11,5,9,7,21
WIRRAL,E08000015,Men,5200,4101,422,197,172,83,45,48,30,16,18,15,53
EAST RIDING OF YORKSHIRE,E06000011,Men,4744,3890,341,163,97,62,45,26,28,24,16,14,38
"KINGSTON UPON HULL, CITY OF",E06000010,Men,7061,3418,1727,1099,399,162,91,49,38,20,15,11,32
NORTH EAST LINCOLNSHIRE,E06000012,Men,2465,1904,198,154,68,31,28,23,12,8,10,9,20
NORTH LINCOLNSHIRE,E06000013,Men,2309,1888,168,83,51,30,8,22,17,15,6,9,12
YORK,E06000014,Men,7284,2919,2173,1214,541,196,103,52,24,10,8,14,30
CRAVEN,E07000163,Men,689,599,36,7,12,4,6,8,4,3,3,1,6
HAMBLETON,E07000164,Men,1008,878,39,38,16,5,4,7,7,0,2,2,10
HARROGATE,E07000165,Men,1898,1618,85,56,47,15,10,11,11,7,8,11,19
RICHMONDSHIRE,E07000166,Men,500,436,18,14,4,4,4,2,0,2,2,4,10
RYEDALE,E07000167,Men,692,630,22,5,11,6,5,3,4,1,0,1,4
SCARBOROUGH,E07000168,Men,1679,1201,198,126,60,24,13,15,11,6,3,5,17
SELBY,E07000169,Men,935,821,36,34,10,6,4,2,7,4,3,2,6
BARNSLEY,E08000016,Men,3145,2536,216,127,65,34,49,30,38,11,7,10,22
DONCASTER,E08000017,Men,4283,3353,347,173,128,87,71,39,16,17,13,6,33
ROTHERHAM,E08000018,Men,3643,3001,241,145,88,23,30,30,28,8,11,8,30
SHEFFIELD,E08000019,Men,22828,9605,6455,3872,1524,602,332,179,99,36,23,25,76
BRADFORD,E08000032,Men,11981,7694,1603,1022,671,358,246,182,83,30,20,21,51
CALDERDALE,E08000033,Men,3065,2452,213,149,91,30,36,34,14,6,18,3,19
KIRKLEES,E08000034,Men,9324,5600,1499,960,586,259,148,116,46,26,20,20,44
LEEDS,E08000035,Men,22600,10649,5998,3365,1342,499,299,158,86,70,23,28,83
WAKEFIELD,E08000036,Men,4189,3483,271,153,92,45,28,28,23,10,10,13,33
DERBY,E06000015,Men,6123,3259,1313,851,381,105,87,49,17,13,7,12,29
LEICESTER,E06000016,Men,13559,5999,3396,2079,1027,470,283,103,78,29,18,11,66
NOTTINGHAM,E06000018,Men,19906,7159,6595,3513,1546,511,241,166,82,26,18,5,44
RUTLAND,E06000017,Men,829,768,15,15,10,3,1,2,2,7,1,1,4
AMBER VALLEY,E07000032,Men,1545,1295,90,37,49,15,8,11,6,6,1,6,21
BOLSOVER,E07000033,Men,983,809,71,40,14,6,13,9,2,3,2,3,11
CHESTERFIELD,E07000034,Men,1366,1157,63,41,34,10,3,14,5,12,4,10,13
DERBYSHIRE DALES,E07000035,Men,896,719,67,31,20,4,12,7,11,2,3,4,16
EREWASH,E07000036,Men,1415,1173,81,61,28,15,14,15,8,8,1,2,9
HIGH PEAK,E07000037,Men,1432,1094,170,67,33,25,9,9,5,5,0,3,12
NORTH EAST DERBYSHIRE,E07000038,Men,1283,1046,80,80,16,5,12,13,7,2,1,8,13
SOUTH DERBYSHIRE,E07000039,Men,1289,1104,73,41,35,7,14,8,2,0,1,1,3
BLABY,E07000129,Men,1293,1038,96,73,28,14,12,7,11,4,0,3,7
CHARNWOOD,E07000130,Men,8260,3612,2532,1494,367,113,50,37,17,5,5,8,20
HARBOROUGH,E07000131,Men,1245,1011,89,65,31,11,2,11,9,3,5,2,6
HINCKLEY AND BOSWORTH,E07000132,Men,1289,1051,106,49,21,10,3,9,10,8,1,5,16
MELTON,E07000133,Men,599,486,47,31,11,1,6,0,3,4,0,6,4
NORTH WEST LEICESTERSHIRE,E07000134,Men,1255,966,109,80,45,6,11,7,9,1,4,3,14
OADBY AND WIGSTON,E07000135,Men,1841,1348,231,123,70,20,14,4,9,7,4,5,6
BOSTON,E07000136,Men,716,642,24,10,17,0,2,3,3,1,6,2,6
EAST LINDSEY,E07000137,Men,1635,1412,70,38,35,16,5,13,11,6,3,8,18
LINCOLN,E07000138,Men,2918,1437,943,338,94,38,24,14,8,2,5,2,13
NORTH KESTEVEN,E07000139,Men,1266,1100,66,25,20,9,8,12,4,0,2,6,14
SOUTH HOLLAND,E07000140,Men,883,813,29,13,4,2,5,6,2,1,3,0,5
SOUTH KESTEVEN,E07000141,Men,1588,1425,51,35,20,21,11,3,5,3,3,4,7
WEST LINDSEY,E07000142,Men,1160,1014,39,39,12,9,4,11,11,1,4,5,11
CORBY,E07000150,Men,783,645,55,21,13,9,15,7,5,2,4,3,4
DAVENTRY,E07000151,Men,994,840,50,30,27,8,7,7,10,2,1,0,12
EAST NORTHAMPTONSHIRE,E07000152,Men,1339,1190,40,34,10,6,15,12,3,6,3,6,14
KETTERING,E07000153,Men,1060,891,66,39,23,9,9,5,4,3,0,4,7
NORTHAMPTON,E07000154,Men,3942,2421,634,418,223,92,49,53,17,6,7,7,15
SOUTH NORTHAMPTONSHIRE,E07000155,Men,955,833,39,30,11,13,3,6,2,7,1,4,6
WELLINGBOROUGH,E07000156,Men,956,791,64,27,25,5,13,7,2,4,0,5,13
ASHFIELD,E07000170,Men,1488,1255,102,57,25,11,12,4,3,4,3,2,10
BASSETLAW,E07000171,Men,1478,1266,65,38,32,18,13,14,2,6,10,3,11
BROXTOWE,E07000172,Men,2521,1323,325,330,267,131,68,35,14,8,2,4,14
GEDLING,E07000173,Men,1525,1245,95,64,42,17,12,8,8,9,2,8,15
MANSFIELD,E07000174,Men,1307,1117,81,28,16,12,16,10,3,4,4,3,13
NEWARK AND SHERWOOD,E07000175,Men,1564,1257,114,63,44,24,25,9,9,7,0,5,7
RUSHCLIFFE,E07000176,Men,2189,1362,476,195,70,24,20,10,8,5,5,4,10
"HEREFORDSHIRE, COUNTY OF",E06000019,Men,2547,1901,218,141,136,31,25,18,18,11,9,7,32
SHROPSHIRE,E06000051,Men,4566,3534,401,255,128,67,37,33,32,16,14,11,38
STOKE-ON-TRENT,E06000021,Men,5353,3210,934,571,308,126,60,56,26,9,7,13,33
TELFORD AND WREKIN,E06000020,Men,3257,2119,531,382,81,48,29,12,12,9,6,5,23
CANNOCK CHASE,E07000192,Men,1276,1070,85,37,21,15,16,5,7,3,2,3,12
EAST STAFFORDSHIRE,E07000193,Men,1555,1269,105,47,42,23,9,17,9,14,2,3,15
LICHFIELD,E07000194,Men,1382,1148,108,47,26,12,14,10,4,4,1,1,7
NEWCASTLE-UNDER-LYME,E07000195,Men,3671,1883,1058,461,151,33,27,18,16,6,1,3,14
SOUTH STAFFORDSHIRE,E07000196,Men,1593,1286,142,74,41,7,8,10,6,4,0,6,9
STAFFORD,E07000197,Men,3011,1731,596,354,124,79,64,17,17,5,2,1,21
STAFFORDSHIRE MOORLANDS,E07000198,Men,1149,941,64,57,25,8,15,11,11,3,5,1,8
TAMWORTH,E07000199,Men,957,824,49,29,13,13,10,6,3,3,0,1,6
NORTH WARWICKSHIRE,E07000218,Men,798,656,53,33,21,6,4,4,3,2,5,3,8
NUNEATON AND BEDWORTH,E07000219,Men,1606,1333,92,71,33,12,19,14,7,0,5,4,16
RUGBY,E07000220,Men,1398,1208,57,37,32,14,15,8,8,3,1,4,11
STRATFORD-ON-AVON,E07000221,Men,1453,1181,98,71,23,11,12,8,6,8,5,5,25
WARWICK,E07000222,Men,5058,1879,1868,736,392,94,29,13,16,5,6,2,18
BIRMINGHAM,E08000025,Men,36551,19526,7256,5057,2558,931,446,275,153,95,55,43,156
COVENTRY,E08000026,Men,13489,5836,3254,2293,1291,403,188,91,45,25,9,11,43
DUDLEY,E08000027,Men,4892,4076,327,138,124,52,44,42,24,5,5,7,48
SANDWELL,E08000028,Men,5877,4432,587,301,252,97,59,42,27,15,14,8,43
SOLIHULL,E08000029,Men,3239,2655,202,164,79,35,35,12,6,7,6,11,27
WALSALL,E08000030,Men,4634,3574,435,239,148,71,37,32,28,11,12,14,33
WOLVERHAMPTON,E08000031,Men,5601,3694,642,530,409,105,77,61,19,17,5,9,33
BROMSGROVE,E07000234,Men,1447,1178,70,79,53,17,14,9,5,4,0,5,13
MALVERN HILLS,E07000235,Men,1213,999,58,34,36,16,11,16,10,9,4,6,14
REDDITCH,E07000236,Men,1215,896,126,68,66,25,2,2,4,4,9,3,10
WORCESTER,E07000237,Men,2063,1201,487,218,70,20,22,9,12,6,6,4,8
WYCHAVON,E07000238,Men,1443,1155,102,73,36,19,11,9,8,8,1,6,15
WYRE FOREST,E07000239,Men,1235,995,80,53,28,16,18,6,4,8,4,9,14
BEDFORD,E06000055,Men,3167,2118,406,290,159,53,34,29,21,14,5,4,34
CENTRAL BEDFORDSHIRE,E06000056,Men,4401,2802,282,438,412,199,139,68,20,11,8,6,16
LUTON,E06000032,Men,5660,2886,743,752,893,162,121,42,23,14,3,1,20
PETERBOROUGH,E06000031,Men,2592,2123,203,82,64,25,30,17,17,5,4,3,19
SOUTHEND-ON-SEA,E06000033,Men,2400,1911,158,105,70,50,25,19,17,10,6,6,23
THURROCK,E06000034,Men,1974,1621,109,73,56,36,21,18,16,4,3,0,17
CAMBRIDGE,E07000008,Men,11743,3409,3451,2438,1675,478,148,60,34,21,6,4,19
EAST CAMBRIDGESHIRE,E07000009,Men,911,789,43,15,20,15,6,7,6,3,0,2,5
FENLAND,E07000010,Men,1079,956,35,15,16,16,5,9,11,2,2,2,10
HUNTINGDONSHIRE,E07000011,Men,1993,1667,109,56,53,25,21,9,7,8,8,7,23
SOUTH CAMBRIDGESHIRE,E07000012,Men,2164,1560,221,107,94,60,46,14,15,11,7,5,24
BASILDON,E07000066,Men,2193,1824,132,90,33,40,25,13,8,2,10,8,8
BRAINTREE,E07000067,Men,1585,1367,73,44,21,18,10,14,8,1,4,4,21
BRENTWOOD,E07000068,Men,1175,980,74,51,26,8,5,9,9,1,3,0,9
CASTLE POINT,E07000069,Men,957,824,47,30,22,6,2,4,6,2,1,2,11
CHELMSFORD,E07000070,Men,2351,1749,240,150,92,37,31,16,5,5,4,7,15
COLCHESTER,E07000071,Men,4565,2223,1120,548,369,131,73,41,12,11,6,5,26
EPPING FOREST,E07000072,Men,2009,1526,218,117,58,28,12,6,13,9,4,6,12
HARLOW,E07000073,Men,1085,907,49,46,28,20,8,6,4,2,8,1,6
MALDON,E07000074,Men,697,601,32,26,10,2,2,2,3,4,2,3,10
ROCHFORD,E07000075,Men,920,787,54,27,22,6,3,3,4,2,6,1,5
TENDRING,E07000076,Men,1622,1401,65,48,20,18,9,11,6,8,3,4,29
UTTLESFORD,E07000077,Men,1238,1057,71,30,31,13,8,2,9,3,4,1,9
BROXBOURNE,E07000095,Men,1505,1191,129,90,25,10,10,4,10,4,7,1,24
DACORUM,E07000096,Men,2039,1587,161,126,49,36,20,9,10,7,4,10,20
EAST HERTFORDSHIRE,E07000242,Men,2287,1947,132,89,36,25,10,17,5,7,5,7,7
HERTSMERE,E07000098,Men,2039,1397,197,264,93,29,8,14,11,1,5,5,15
NORTH HERTFORDSHIRE,E07000099,Men,1660,1290,133,101,48,26,14,13,4,9,6,4,12
ST ALBANS,E07000240,Men,2288,1719,220,147,88,43,18,16,6,8,9,3,11
STEVENAGE,E07000243,Men,1206,910,112,69,50,10,16,8,13,2,9,3,4
THREE RIVERS,E07000102,Men,1380,1070,131,72,43,20,8,11,8,6,3,4,4
WATFORD,E07000103,Men,1573,1086,150,142,100,42,10,20,5,6,4,3,5
WELWYN HATFIELD,E07000241,Men,4728,1818,1308,913,457,146,30,17,15,3,3,3,15
BRECKLAND,E07000143,Men,1486,1243,81,36,55,14,14,9,9,1,6,3,15
BROADLAND,E07000144,Men,1331,1111,81,41,30,17,10,10,3,3,7,6,12
GREAT YARMOUTH,E07000145,Men,1375,1120,89,42,37,19,6,19,9,8,5,8,13
KING`S LYNN AND WEST NORFOLK,E07000146,Men,1637,1369,112,48,31,8,15,9,4,8,2,5,26
NORTH NORFOLK,E07000147,Men,1006,887,28,11,19,8,14,7,4,5,2,4,17
NORWICH,E07000148,Men,4582,1772,1403,805,309,129,68,39,20,11,4,8,14
SOUTH NORFOLK,E07000149,Men,1431,1201,68,52,26,12,18,23,9,3,5,3,11
BABERGH,E07000200,Men,1074,950,39,24,13,3,9,8,6,4,0,7,11
FOREST HEATH,E07000201,Men,572,450,39,23,21,14,4,1,3,3,1,4,9
IPSWICH,E07000202,Men,1840,1484,137,70,64,24,19,19,10,2,2,2,7
MID SUFFOLK,E07000203,Men,1088,970,33,18,22,8,3,7,2,5,5,5,10
ST EDMUNDSBURY,E07000204,Men,1260,1071,49,36,34,17,15,12,8,4,1,2,11
SUFFOLK COASTAL,E07000205,Men,1452,1274,70,29,30,5,7,5,4,2,3,7,16
WAVENEY,E07000206,Men,1332,1144,53,43,18,16,12,11,5,3,6,1,20
CAMDEN,E09000007,Men,10665,3665,2579,2376,1144,451,172,100,62,37,28,13,38
CITY OF LONDON,E09000001,Men,171,55,28,58,16,5,2,2,3,0,0,0,2
HACKNEY,E09000012,Men,8103,3579,1298,1277,1106,401,193,93,73,23,18,15,27
HAMMERSMITH AND FULHAM,E09000013,Men,6305,2176,1540,1442,643,240,100,65,26,16,7,10,40
HARINGEY,E09000014,Men,7881,3959,1143,1194,731,386,218,97,51,28,22,10,42
ISLINGTON,E09000019,Men,7611,2836,1593,1582,951,319,118,73,50,27,19,6,37
KENSINGTON AND CHELSEA,E09000020,Men,5416,2056,1258,1166,517,192,62,55,35,18,13,10,34
LAMBETH,E09000022,Men,7537,3688,1130,1120,872,327,141,83,72,29,21,14,40
LEWISHAM,E09000023,Men,7352,3901,948,920,781,279,148,219,63,27,14,15,37
NEWHAM,E09000025,Men,13966,5241,2202,2450,2603,826,253,191,83,46,25,10,36
SOUTHWARK,E09000028,Men,10570,4323,2019,1917,1353,467,189,119,78,35,19,15,36
TOWER HAMLETS,E09000030,Men,9520,3682,1932,1951,1184,407,167,72,35,34,16,12,28
WANDSWORTH,E09000032,Men,6828,3188,1056,1054,868,282,135,83,47,33,26,17,39
WESTMINSTER,E09000033,Men,8734,3324,1627,1646,1262,506,147,82,42,25,11,16,46
BARKING AND DAGENHAM,E09000002,Men,4871,2959,558,498,438,173,96,56,39,29,5,6,14
BARNET,E09000003,Men,10533,5779,1426,1408,1056,385,159,124,70,38,29,10,49
BEXLEY,E09000004,Men,4574,3132,555,337,229,119,63,35,42,17,9,8,28
BRENT,E09000005,Men,10257,5438,1528,1365,1107,378,135,101,86,27,24,18,50
BROMLEY,E09000006,Men,5291,3937,462,360,267,93,42,27,27,13,8,14,41
CROYDON,E09000008,Men,8322,5644,895,689,509,214,122,79,54,35,21,13,47
EALING,E09000009,Men,9694,5231,1460,1340,929,316,135,130,50,28,15,10,50
ENFIELD,E09000010,Men,8122,5414,1086,717,413,160,98,80,50,43,13,10,38
GREENWICH,E09000011,Men,6900,3677,960,902,619,351,123,113,60,26,11,15,43
HARROW,E09000015,Men,7059,4505,960,752,433,180,99,43,18,11,12,9,37
HAVERING,E09000016,Men,3945,2917,378,244,172,82,28,22,28,18,4,24,28
HILLINGDON,E09000017,Men,8860,4741,1793,1135,616,262,135,81,34,17,7,10,29
HOUNSLOW,E09000018,Men,6564,3639,888,879,689,230,87,62,28,13,8,7,34
KINGSTON UPON THAMES,E09000021,Men,5065,2265,1151,812,510,145,83,35,20,12,9,8,15
MERTON,E09000024,Men,4692,2751,554,537,458,179,73,54,22,17,11,10,26
REDBRIDGE,E09000026,Men,8719,4951,1180,1132,816,319,128,67,43,38,8,5,32
RICHMOND UPON THAMES,E09000027,Men,3506,2188,474,379,221,73,51,25,21,19,12,16,27
SUTTON,E09000029,Men,3252,2475,237,208,129,61,44,28,24,12,13,5,16
WALTHAM FOREST,E09000031,Men,8175,3990,1226,1173,1064,388,118,59,45,50,15,15,32
BRACKNELL FOREST,E06000036,Men,1543,1316,49,45,42,28,11,7,8,8,4,4,21
BRIGHTON AND HOVE,E06000043,Men,10456,4288,2764,1898,898,254,128,99,41,21,11,19,35
ISLE OF WIGHT,E06000046,Men,1893,1567,110,64,42,21,15,7,18,13,6,7,23
MEDWAY,E06000035,Men,4914,3502,602,375,227,85,31,27,12,12,4,8,29
MILTON KEYNES,E06000042,Men,3697,2603,198,190,308,188,70,60,30,16,9,9,16
PORTSMOUTH,E06000044,Men,9480,3757,3212,1552,566,190,71,56,18,16,9,5,28
READING,E06000038,Men,4730,1980,1396,663,349,175,57,45,21,13,7,9,15
SLOUGH,E06000039,Men,2989,1904,403,308,206,80,38,17,9,3,3,8,10
SOUTHAMPTON,E06000045,Men,11586,4058,3715,2178,1029,303,159,66,25,13,6,3,31
WEST BERKSHIRE,E06000037,Men,1912,1708,53,57,27,10,15,10,5,2,4,5,16
WINDSOR AND MAIDENHEAD,E06000040,Men,2460,1946,181,143,75,30,11,16,14,2,5,13,24
WOKINGHAM,E06000041,Men,2237,1703,205,120,67,33,34,17,12,7,6,4,29
AYLESBURY VALE,E07000004,Men,2634,1963,213,154,156,56,19,18,12,15,7,3,18
CHILTERN,E07000005,Men,1394,1145,82,66,53,6,9,8,3,4,1,4,13
SOUTH BUCKS,E07000006,Men,1030,766,66,67,84,16,4,4,3,4,5,4,7
WYCOMBE,E07000007,Men,3271,2201,518,264,154,39,21,17,14,7,5,6,25
EASTBOURNE,E07000061,Men,1844,1201,327,130,93,23,17,11,9,12,3,3,15
HASTINGS,E07000062,Men,1381,1067,112,75,52,19,7,17,10,3,2,5,12
LEWES,E07000063,Men,1325,995,84,70,78,17,10,11,13,11,6,6,24
ROTHER,E07000064,Men,1211,1006,77,43,23,8,6,8,5,8,6,8,13
WEALDEN,E07000065,Men,1839,1580,85,63,46,19,11,5,8,2,6,5,9
BASINGSTOKE AND DEANE,E07000084,Men,1755,1500,86,50,48,19,9,7,13,3,5,6,9
EAST HAMPSHIRE,E07000085,Men,1564,1322,102,45,24,14,5,10,4,4,4,5,25
EASTLEIGH,E07000086,Men,1425,1108,104,71,36,37,20,11,10,7,2,3,16
FAREHAM,E07000087,Men,1441,1103,102,94,59,30,13,8,5,7,0,2,18
GOSPORT,E07000088,Men,1077,884,59,49,30,13,11,10,1,4,0,3,13
HART,E07000089,Men,1131,942,65,52,22,13,5,3,3,9,2,1,14
HAVANT,E07000090,Men,1552,1292,94,66,36,14,5,11,5,6,0,4,19
NEW FOREST,E07000091,Men,1727,1437,103,70,43,19,10,6,3,3,4,6,23
RUSHMOOR,E07000092,Men,1290,986,120,69,34,14,25,22,5,3,2,4,6
TEST VALLEY,E07000093,Men,1451,1186,93,63,32,19,14,8,10,10,3,3,10
WINCHESTER,E07000094,Men,2596,1694,483,224,80,32,12,17,8,16,6,9,15
ASHFORD,E07000105,Men,1410,1225,68,32,27,16,6,7,9,1,3,6,10
CANTERBURY,E07000106,Men,6880,3187,2105,994,361,99,40,38,13,8,5,6,24
DARTFORD,E07000107,Men,1222,1041,69,41,31,8,6,5,9,2,1,0,9
DOVER,E07000108,Men,1627,1348,97,43,39,19,22,20,7,5,7,7,13
GRAVESHAM,E07000109,Men,1546,1260,112,52,42,13,24,13,9,1,5,2,13
MAIDSTONE,E07000110,Men,2143,1723,149,73,73,36,20,16,18,9,5,6,15
SEVENOAKS,E07000111,Men,1685,1447,88,61,28,10,4,8,6,4,7,8,14
SHEPWAY,E07000112,Men,1416,1155,66,73,46,12,12,9,12,3,4,4,20
SWALE,E07000113,Men,1836,1599,87,39,33,12,13,17,9,7,5,5,10
THANET,E07000114,Men,2186,1727,184,99,63,24,23,16,10,9,8,5,18
TONBRIDGE AND MALLING,E07000115,Men,1809,1591,84,53,28,9,9,9,8,3,2,6,7
TUNBRIDGE WELLS,E07000116,Men,1872,1448,120,118,67,35,23,16,9,3,5,16,12
CHERWELL,E07000177,Men,1815,1376,111,107,89,47,15,12,12,9,10,6,21
OXFORD,E07000178,Men,13530,3955,4006,2764,1952,531,144,60,35,23,12,9,39
SOUTH OXFORDSHIRE,E07000179,Men,1806,1421,122,77,75,39,12,8,14,7,4,6,21
VALE OF WHITE HORSE,E07000180,Men,1899,1511,95,114,73,27,20,13,10,1,6,5,24
WEST OXFORDSHIRE,E07000181,Men,1174,968,51,56,36,15,8,12,7,1,4,4,12
ELMBRIDGE,E07000207,Men,2050,1613,168,106,66,25,13,12,17,4,5,8,13
EPSOM AND EWELL,E07000208,Men,1321,999,144,88,31,18,9,4,4,6,4,5,9
GUILDFORD,E07000209,Men,4616,2013,1084,822,403,151,61,26,14,6,7,9,20
MOLE VALLEY,E07000210,Men,1189,1017,56,52,16,11,6,4,4,4,3,5,11
REIGATE AND BANSTEAD,E07000211,Men,1813,1461,123,103,48,15,22,3,3,6,5,2,22
RUNNYMEDE,E07000212,Men,2528,1142,775,383,118,50,33,2,6,4,7,4,4
SPELTHORNE,E07000213,Men,1194,951,98,60,33,14,5,8,8,1,2,2,12
SURREY HEATH,E07000214,Men,1163,965,56,66,33,16,5,5,3,4,1,5,4
TANDRIDGE,E07000215,Men,1301,1011,131,70,38,10,8,10,6,2,4,6,5
WAVERLEY,E07000216,Men,2291,1797,195,133,71,13,10,12,8,10,8,8,26
WOKING,E07000217,Men,1334,994,85,86,77,39,26,5,2,2,0,3,15
ADUR,E07000223,Men,753,610,43,38,15,10,7,10,5,3,3,1,8
ARUN,E07000224,Men,1641,1286,151,75,50,16,10,4,14,6,4,3,22
CHICHESTER,E07000225,Men,1749,1117,329,153,42,25,19,12,10,8,4,7,23
CRAWLEY,E07000226,Men,1320,1002,93,75,68,38,17,12,4,4,0,0,7
HORSHAM,E07000227,Men,1709,1469,76,54,49,16,11,9,3,7,3,3,9
MID SUSSEX,E07000228,Men,1872,1531,97,88,62,23,18,10,12,3,1,11,16
WORTHING,E07000229,Men,1145,879,89,56,40,18,18,10,6,8,5,3,13
BATH AND NORTH EAST SOMERSET,E06000022,Men,6936,3166,1894,1220,380,131,46,23,21,6,5,10,34
BOURNEMOUTH,E06000028,Men,5635,2274,1531,1037,445,142,73,55,21,12,9,5,31
"BRISTOL, CITY OF",E06000023,Men,14784,5790,4371,2743,1061,353,168,111,49,31,19,26,62
CORNWALL,E06000052,Men,8341,5995,1047,546,253,154,81,76,45,29,16,24,75
ISLES OF SCILLY,E06000053,Men,6,2,3,0,0,1,0,0,0,0,0,0,0
NORTH SOMERSET,E06000024,Men,2311,1823,141,139,70,31,19,24,13,6,5,8,32
PLYMOUTH,E06000026,Men,8646,3806,2574,1332,479,173,83,82,37,25,10,15,30
POOLE,E06000029,Men,2063,1501,232,134,68,45,16,11,19,6,5,6,20
SOUTH GLOUCESTERSHIRE,E06000025,Men,4317,3020,593,310,209,61,34,20,19,3,6,4,38
SWINDON,E06000030,Men,2421,1992,107,86,71,50,27,25,21,11,3,7,21
TORBAY,E06000027,Men,1545,1272,77,61,36,21,19,11,13,8,2,4,21
WILTSHIRE,E06000054,Men,5414,4679,233,132,110,45,41,30,31,25,12,20,56
EAST DEVON,E07000040,Men,1357,1171,53,42,18,10,10,6,9,7,8,6,17
EXETER,E07000041,Men,5842,2254,2044,976,290,113,83,28,26,7,4,6,11
MID DEVON,E07000042,Men,906,772,40,22,28,9,5,5,3,3,2,3,14
NORTH DEVON,E07000043,Men,1049,900,61,27,13,11,7,2,4,2,5,6,11
SOUTH HAMS,E07000044,Men,1018,815,69,37,23,16,7,13,10,7,5,3,13
TEIGNBRIDGE,E07000045,Men,1389,1144,81,51,32,19,12,14,15,4,3,3,11
TORRIDGE,E07000046,Men,773,681,30,10,8,5,5,7,2,0,6,8,11
WEST DEVON,E07000047,Men,671,568,22,23,15,4,9,12,4,3,0,2,9
CHRISTCHURCH,E07000048,Men,555,428,57,25,12,5,2,4,10,4,3,1,4
EAST DORSET,E07000049,Men,870,686,59,48,16,25,9,5,2,0,2,2,16
NORTH DORSET,E07000050,Men,1045,916,50,27,9,5,4,4,6,3,2,3,16
PURBECK,E07000051,Men,495,409,36,20,7,5,5,1,3,1,1,2,5
WEST DORSET,E07000052,Men,1221,1057,40,29,20,7,18,6,14,3,8,4,15
WEYMOUTH AND PORTLAND,E07000053,Men,782,622,50,27,18,20,8,6,12,6,0,2,11
CHELTENHAM,E07000078,Men,2467,1417,540,253,114,62,32,20,8,5,2,4,10
COTSWOLD,E07000079,Men,1365,917,252,106,43,14,4,9,0,3,2,4,11
FOREST OF DEAN,E07000080,Men,1360,1153,95,35,13,11,15,9,5,1,1,6,16
GLOUCESTER,E07000081,Men,1969,1362,275,149,75,27,22,25,5,10,5,2,12
STROUD,E07000082,Men,1546,1287,103,50,25,21,9,11,10,6,6,3,15
TEWKESBURY,E07000083,Men,865,729,47,28,17,8,16,5,2,3,2,3,5
MENDIP,E07000187,Men,1797,1597,78,37,24,14,8,9,7,7,3,2,11
SEDGEMOOR,E07000188,Men,1482,1232,101,49,23,10,22,6,2,8,4,5,20
SOUTH SOMERSET,E07000189,Men,1660,1411,85,52,33,5,16,11,9,7,7,4,20
TAUNTON DEANE,E07000190,Men,1602,1304,102,86,34,20,14,7,8,1,7,6,13
WEST SOMERSET,E07000191,Men,375,301,29,12,10,0,3,1,6,3,0,2,8
ANGLESEY,W06000001,Men,1199,839,95,78,55,56,24,13,12,3,4,4,16
GWYNEDD,W06000002,Men,4023,1842,1044,508,277,150,90,43,17,9,13,8,22
CONWY,W06000003,Men,1762,1408,105,69,37,24,39,16,12,14,5,9,24
DENBIGHSHIRE,W06000004,Men,1608,1270,111,61,60,22,16,18,14,6,8,10,12
FLINTSHIRE,W06000005,Men,2129,1725,122,100,60,37,25,15,7,10,6,5,17
WREXHAM,W06000006,Men,2344,1554,266,206,169,57,39,17,7,6,6,2,15
POWYS,W06000023,Men,1809,1533,80,70,35,11,16,12,15,2,3,9,23
CEREDIGION,W06000008,Men,4186,1839,1485,480,173,86,40,28,9,8,5,4,29
PEMBROKESHIRE,W06000009,Men,1679,1379,133,66,32,15,6,5,6,6,4,5,22
CARMARTHENSHIRE,W06000010,Men,3094,2335,325,182,102,20,17,21,23,18,12,13,26
SWANSEA,W06000011,Men,8794,3725,2425,1393,700,219,126,73,32,27,15,14,45
NEATH PORT TALBOT,W06000012,Men,2288,1830,190,89,58,30,26,21,7,11,3,9,14
BRIDGEND,W06000013,Men,2164,1748,139,78,84,29,20,26,8,10,3,7,12
THE VALE OF GLAMORGAN,W06000014,Men,2112,1708,146,80,65,33,23,12,14,4,6,4,17
CARDIFF,W06000015,Men,14382,5860,4008,2602,1048,419,181,109,58,22,23,15,37
"RHONDDA, CYNON, TAFF",W06000016,Men,5189,3187,732,587,346,135,61,39,24,15,6,17,40
MERTHYR TYDFIL,W06000024,Men,1013,783,93,66,22,2,12,2,11,0,0,5,17
CAERPHILLY,W06000018,Men,2819,2267,201,114,67,35,29,28,20,17,8,6,27
BLAENAU GWENT,W06000019,Men,1058,867,67,30,16,13,10,10,15,7,3,5,15
TORFAEN,W06000020,Men,1350,1066,104,67,46,16,5,5,11,9,8,3,10
MONMOUTHSHIRE,W06000021,Men,1477,1225,80,65,32,10,14,9,13,5,8,8,8
NEWPORT,W06000022,Men,2841,1864,419,257,140,67,23,20,10,12,9,3,17
DARLINGTON,E06000005,Women,1340,928,93,63,80,50,41,32,21,10,7,2,13
COUNTY DURHAM,E06000047,Women,11937,6733,2708,1093,527,277,213,152,71,43,25,29,66
HARTLEPOOL,E06000001,Women,1532,1127,108,74,66,48,34,24,14,6,8,5,18
MIDDLESBROUGH,E06000002,Women,3270,1898,471,377,184,120,92,45,25,14,11,6,27
NORTHUMBERLAND,E06000057,Women,4069,3032,270,202,154,107,77,59,64,31,16,17,40
REDCAR AND CLEVELAND,E06000003,Women,2040,1501,143,91,104,62,42,41,23,4,9,6,14
STOCKTON-ON-TEES,E06000004,Women,3478,2243,499,252,185,99,68,41,22,15,10,14,30
GATESHEAD,E08000037,Women,3294,2153,244,258,232,131,93,70,40,23,9,10,31
NEWCASTLE UPON TYNE,E08000021,Women,13263,5143,3866,2541,884,353,198,90,67,32,14,19,56
NORTH TYNESIDE,E08000022,Women,2691,1812,203,156,179,116,84,63,25,11,10,4,28
SOUTH TYNESIDE,E08000023,Women,2295,1591,191,149,120,73,58,48,20,13,3,11,18
SUNDERLAND,E08000024,Women,5203,3064,712,668,242,162,127,95,41,23,12,13,44
BLACKBURN WITH DARWEN,E06000008,Women,2966,1954,304,187,144,121,107,59,39,21,3,5,22
BLACKPOOL,E06000009,Women,1940,1307,134,140,102,78,57,40,27,11,7,11,26
CHESHIRE EAST,E06000049,Women,5445,3698,580,346,209,148,152,105,72,37,24,23,51
CHESHIRE WEST AND CHESTER,E06000050,Women,5640,3345,946,549,275,128,103,111,62,29,30,16,46
HALTON,E06000006,Women,1974,1392,137,116,118,78,52,35,15,11,2,3,15
WARRINGTON,E06000007,Women,2593,1809,240,151,97,69,85,56,30,15,8,0,33
ALLERDALE,E07000026,Women,1087,844,56,33,36,29,21,22,17,7,3,3,16
BARROW-IN-FURNESS,E07000027,Women,808,616,39,39,24,30,14,17,12,7,2,1,7
CARLISLE,E07000028,Women,1518,928,222,131,88,49,41,15,19,10,5,0,10
COPELAND,E07000029,Women,736,576,42,25,19,15,16,15,6,3,3,1,15
EDEN,E07000030,Women,504,386,37,19,12,12,5,12,5,2,1,5,8
SOUTH LAKELAND,E07000031,Women,1096,824,66,33,38,33,25,27,12,5,6,11,16
BOLTON,E08000001,Women,5041,3298,496,360,266,189,156,108,61,43,14,12,38
BURY,E08000002,Women,2910,2029,207,173,144,111,78,71,34,14,7,7,35
MANCHESTER,E08000003,Women,25997,9429,7314,4570,2299,1072,574,367,170,72,37,35,58
OLDHAM,E08000004,Women,4041,2816,366,263,196,144,86,66,38,12,10,9,35
ROCHDALE,E08000005,Women,3987,2764,365,264,167,138,137,58,31,20,6,11,26
SALFORD,E08000006,Women,4834,2631,677,526,396,224,164,85,52,20,12,9,38
STOCKPORT,E08000007,Women,4285,2790,419,326,200,145,151,112,45,24,13,16,44
TAMESIDE,E08000008,Women,3470,2383,295,206,184,133,107,85,30,9,7,7,24
TRAFFORD,E08000009,Women,3487,2271,286,235,232,150,110,77,56,31,6,11,22
WIGAN,E08000010,Women,4377,3081,301,227,219,167,142,99,47,26,14,17,37
BURNLEY,E07000117,Women,1386,967,113,78,73,48,31,28,19,10,3,5,11
CHORLEY,E07000118,Women,1302,918,95,86,53,36,33,33,18,10,4,7,9
FYLDE,E07000119,Women,861,614,49,42,39,32,22,22,10,14,6,3,8
HYNDBURN,E07000120,Women,1266,922,86,63,76,42,39,11,9,5,5,2,6
LANCASTER,E07000121,Women,5889,2768,1854,698,243,114,75,46,36,16,9,9,21
PENDLE,E07000122,Women,1410,1004,106,85,59,43,41,30,9,7,8,2,16
PRESTON,E07000123,Women,4034,1942,1028,612,180,99,72,42,19,18,6,4,12
RIBBLE VALLEY,E07000124,Women,695,513,44,35,28,19,17,12,12,2,5,3,5
ROSSENDALE,E07000125,Women,1044,774,63,53,46,28,32,21,5,6,3,6,7
SOUTH RIBBLE,E07000126,Women,1320,918,94,90,65,37,37,28,17,8,4,4,18
WEST LANCASHIRE,E07000127,Women,2475,1528,482,161,92,50,45,36,28,17,7,4,25
WYRE,E07000128,Women,1373,1006,91,72,45,36,35,28,19,10,4,8,19
KNOWSLEY,E08000011,Women,2587,1822,225,139,121,89,69,37,30,14,9,8,24
LIVERPOOL,E08000012,Women,17874,7993,4857,2680,1116,454,278,201,123,56,16,24,76
SEFTON,E08000014,Women,4280,2953,387,258,190,142,111,92,54,23,17,15,38
ST. HELENS,E08000013,Women,2686,1921,239,153,129,54,70,45,22,6,9,9,29
WIRRAL,E08000015,Women,5354,3735,397,316,267,179,138,113,79,33,15,23,59
EAST RIDING OF YORKSHIRE,E06000011,Women,4465,3304,329,176,155,98,114,93,69,29,16,24,58
"KINGSTON UPON HULL, CITY OF",E06000010,Women,6209,3001,1351,891,416,207,135,81,45,16,15,8,43
NORTH EAST LINCOLNSHIRE,E06000012,Women,2378,1531,218,173,143,91,90,52,28,14,8,9,21
NORTH LINCOLNSHIRE,E06000013,Women,2276,1586,183,144,122,76,68,31,28,8,4,6,20
YORK,E06000014,Women,7128,2926,2112,1179,465,164,97,87,34,18,11,8,27
CRAVEN,E07000163,Women,615,470,29,25,22,17,13,12,8,2,3,7,7
HAMBLETON,E07000164,Women,964,718,66,40,22,29,17,19,19,3,5,3,23
HARROGATE,E07000165,Women,1911,1485,86,81,42,45,38,47,24,14,11,10,28
RICHMONDSHIRE,E07000166,Women,440,324,14,20,18,14,14,19,5,2,2,3,5
RYEDALE,E07000167,Women,599,485,32,17,8,12,3,8,10,7,4,3,10
SCARBOROUGH,E07000168,Women,1487,919,230,97,61,39,26,27,29,13,17,5,24
SELBY,E07000169,Women,953,737,50,43,26,28,27,17,11,3,2,3,6
BARNSLEY,E08000016,Women,3118,2267,196,164,139,102,66,48,35,28,6,14,53
DONCASTER,E08000017,Women,4524,3127,357,264,219,171,153,70,43,36,13,23,48
ROTHERHAM,E08000018,Women,3795,2774,310,217,146,118,87,41,31,21,7,8,35
SHEFFIELD,E08000019,Women,21465,9479,5682,3415,1411,615,350,224,103,51,22,34,79
BRADFORD,E08000032,Women,11391,7188,1371,954,714,405,307,174,101,53,23,30,71
CALDERDALE,E08000033,Women,3103,2158,233,178,155,106,91,72,28,22,13,11,36
KIRKLEES,E08000034,Women,8323,5005,1205,763,470,303,197,131,97,30,24,26,72
LEEDS,E08000035,Women,23543,10655,6551,3251,1347,680,414,256,121,66,36,41,125
WAKEFIELD,E08000036,Women,4320,3286,283,194,175,115,95,60,26,17,15,15,39
DERBY,E06000015,Women,5145,2894,893,510,322,171,150,83,50,16,12,9,35
LEICESTER,E06000016,Women,14098,5995,3738,2262,954,450,313,181,87,42,29,8,39
NOTTINGHAM,E06000018,Women,17871,6771,6169,2902,964,452,299,139,55,33,15,18,54
RUTLAND,E06000017,Women,747,636,17,15,23,10,5,10,16,4,2,3,6
AMBER VALLEY,E07000032,Women,1586,1177,88,67,54,42,47,45,27,10,4,6,19
BOLSOVER,E07000033,Women,986,743,64,42,42,22,21,19,13,4,5,3,8
CHESTERFIELD,E07000034,Women,1438,1050,89,70,53,61,34,26,18,8,0,4,25
DERBYSHIRE DALES,E07000035,Women,811,640,39,34,16,15,18,13,14,6,6,4,6
EREWASH,E07000036,Women,1572,1131,101,85,73,48,53,30,22,9,2,3,15
HIGH PEAK,E07000037,Women,1473,1003,160,91,60,48,27,26,23,6,6,4,19
NORTH EAST DERBYSHIRE,E07000038,Women,1213,926,77,66,29,33,27,12,18,7,3,2,13
SOUTH DERBYSHIRE,E07000039,Women,1238,913,93,55,55,28,23,26,18,6,7,3,11
BLABY,E07000129,Women,1215,849,111,85,65,31,24,20,12,5,1,2,10
CHARNWOOD,E07000130,Women,6038,2773,1711,908,289,127,82,59,41,9,16,5,18
HARBOROUGH,E07000131,Women,1173,858,87,72,58,12,19,29,20,6,6,2,4
HINCKLEY AND BOSWORTH,E07000132,Women,1345,924,98,93,81,37,27,29,18,5,4,5,24
MELTON,E07000133,Women,640,458,50,32,27,17,13,7,5,3,4,8,16
NORTH WEST LEICESTERSHIRE,E07000134,Women,1370,830,187,125,99,36,28,24,19,3,0,4,15
OADBY AND WIGSTON,E07000135,Women,1720,1181,231,108,83,35,23,22,17,5,0,2,13
BOSTON,E07000136,Women,740,582,37,26,29,25,9,13,6,2,4,1,6
EAST LINDSEY,E07000137,Women,1617,1244,94,51,47,39,29,35,22,11,8,7,30
LINCOLN,E07000138,Women,3375,1639,1160,302,116,67,33,20,13,11,2,4,8
NORTH KESTEVEN,E07000139,Women,1287,945,69,37,63,33,44,29,25,12,7,5,18
SOUTH HOLLAND,E07000140,Women,971,801,32,27,31,20,20,14,8,5,1,2,10
SOUTH KESTEVEN,E07000141,Women,1530,1176,73,58,40,48,45,45,16,10,2,9,8
WEST LINDSEY,E07000142,Women,1215,958,65,35,39,27,30,23,18,9,3,2,6
CORBY,E07000150,Women,728,537,51,28,41,14,17,22,9,0,0,1,8
DAVENTRY,E07000151,Women,994,764,63,38,32,21,24,20,12,3,3,2,12
EAST NORTHAMPTONSHIRE,E07000152,Women,1173,928,49,36,33,29,37,25,12,8,1,6,9
KETTERING,E07000153,Women,1044,781,46,41,54,32,42,16,21,5,2,0,4
NORTHAMPTON,E07000154,Women,3949,2151,705,376,273,164,109,61,38,20,9,17,26
SOUTH NORTHAMPTONSHIRE,E07000155,Women,901,710,41,38,19,21,15,17,8,10,3,5,14
WELLINGBOROUGH,E07000156,Women,896,642,50,39,46,36,38,21,11,1,5,0,7
ASHFIELD,E07000170,Women,1454,1051,110,63,66,54,40,22,11,11,6,2,18
BASSETLAW,E07000171,Women,1448,1084,95,52,56,39,34,31,19,8,10,5,15
BROXTOWE,E07000172,Women,2069,1097,292,224,188,106,67,31,30,7,5,3,19
GEDLING,E07000173,Women,1498,1092,106,74,53,44,38,33,18,6,8,9,17
MANSFIELD,E07000174,Women,1368,1021,61,50,63,54,42,21,17,12,7,6,14
NEWARK AND SHERWOOD,E07000175,Women,1601,1124,145,92,49,53,46,44,15,13,5,6,9
RUSHCLIFFE,E07000176,Women,2285,1257,527,234,94,48,29,33,19,15,8,7,14
"HEREFORDSHIRE, COUNTY OF",E06000019,Women,2327,1654,191,123,68,82,63,47,31,21,14,5,28
SHROPSHIRE,E06000051,Women,4235,3060,320,220,152,120,117,97,48,22,18,25,36
STOKE-ON-TRENT,E06000021,Women,4942,2890,756,433,322,189,152,86,39,23,4,13,35
TELFORD AND WREKIN,E06000020,Women,2979,1975,324,270,96,105,76,50,20,19,11,11,22
CANNOCK CHASE,E07000192,Women,1333,983,77,63,53,51,44,23,19,3,2,5,10
EAST STAFFORDSHIRE,E07000193,Women,1535,1137,90,75,66,52,35,29,20,4,6,5,16
LICHFIELD,E07000194,Women,1422,1029,94,72,72,31,37,33,28,6,2,5,13
NEWCASTLE-UNDER-LYME,E07000195,Women,3413,1833,848,378,137,84,49,27,22,9,5,1,20
SOUTH STAFFORDSHIRE,E07000196,Women,1578,1159,122,94,51,25,55,26,10,9,0,10,17
STAFFORD,E07000197,Women,1924,1245,206,147,116,48,57,33,30,18,2,4,18
STAFFORDSHIRE MOORLANDS,E07000198,Women,1241,910,89,54,46,46,41,21,13,6,2,3,10
TAMWORTH,E07000199,Women,1061,755,56,59,70,33,39,23,9,3,4,2,8
NORTH WARWICKSHIRE,E07000218,Women,750,556,50,38,27,16,20,14,10,1,4,1,13
NUNEATON AND BEDWORTH,E07000219,Women,1690,1193,108,78,107,64,60,38,12,3,5,5,17
RUGBY,E07000220,Women,1446,1061,72,73,68,38,42,36,24,7,5,7,13
STRATFORD-ON-AVON,E07000221,Women,1555,1043,180,71,80,35,33,35,27,13,7,8,23
WARWICK,E07000222,Women,4204,1491,1424,632,367,95,66,51,24,13,7,7,27
BIRMINGHAM,E08000025,Women,37722,19022,7599,4940,2399,1504,942,628,291,120,55,53,169
COVENTRY,E08000026,Women,10778,5058,2462,1528,765,374,264,159,70,30,13,9,46
DUDLEY,E08000027,Women,4793,3402,411,240,229,134,128,110,44,14,15,17,49
SANDWELL,E08000028,Women,5901,4029,531,370,339,226,161,99,49,25,17,4,51
SOLIHULL,E08000029,Women,3298,2303,251,193,170,115,82,67,39,23,3,9,43
WALSALL,E08000030,Women,4953,3540,479,253,209,152,118,78,51,14,6,14,39
WOLVERHAMPTON,E08000031,Women,5464,3338,611,499,385,215,171,91,70,23,7,17,37
BROMSGROVE,E07000234,Women,1405,1006,106,94,67,37,27,26,17,3,1,5,16
MALVERN HILLS,E07000235,Women,1379,1053,76,70,52,30,29,21,15,7,10,4,12
REDDITCH,E07000236,Women,1191,730,121,68,112,46,38,34,21,7,2,2,10
WORCESTER,E07000237,Women,1992,1070,431,207,115,63,30,30,21,3,4,5,13
WYCHAVON,E07000238,Women,1425,1026,94,84,72,27,32,37,24,9,5,4,11
WYRE FOREST,E07000239,Women,1182,853,81,75,49,29,36,31,7,7,2,5,7
BEDFORD,E06000055,Women,3088,1827,490,246,171,120,81,63,31,17,3,12,27
CENTRAL BEDFORDSHIRE,E06000056,Women,3393,2133,251,277,273,151,109,91,35,19,12,8,34
LUTON,E06000032,Women,5069,2786,635,544,495,236,159,109,47,14,14,7,23
PETERBOROUGH,E06000031,Women,2534,1835,175,114,140,95,60,50,21,9,8,5,22
SOUTHEND-ON-SEA,E06000033,Women,2395,1639,207,150,105,84,87,40,31,12,4,6,30
THURROCK,E06000034,Women,2034,1438,150,81,101,89,61,50,26,10,6,5,17
CAMBRIDGE,E07000008,Women,9738,3063,2854,1856,1219,353,145,86,56,45,17,15,29
EAST CAMBRIDGESHIRE,E07000009,Women,886,653,46,42,48,15,15,19,20,6,1,6,15
FENLAND,E07000010,Women,1078,864,59,31,26,22,25,17,8,5,3,5,13
HUNTINGDONSHIRE,E07000011,Women,2023,1482,120,73,78,70,55,55,39,14,7,9,21
SOUTH CAMBRIDGESHIRE,E07000012,Women,2154,1380,218,141,122,70,53,49,55,27,8,9,22
BASILDON,E07000066,Women,2117,1559,118,94,99,45,65,53,33,16,6,6,23
BRAINTREE,E07000067,Women,1580,1229,80,52,50,32,35,43,26,9,5,3,16
BRENTWOOD,E07000068,Women,1161,870,66,65,38,19,21,27,31,7,6,4,7
CASTLE POINT,E07000069,Women,904,733,52,25,21,17,16,11,8,5,4,5,7
CHELMSFORD,E07000070,Women,2509,1652,278,183,130,78,48,57,28,19,10,6,20
COLCHESTER,E07000071,Women,4404,2086,982,536,337,179,101,76,47,13,14,12,21
EPPING FOREST,E07000072,Women,2061,1465,154,176,76,44,41,42,18,20,6,3,16
HARLOW,E07000073,Women,1024,753,71,40,45,31,27,21,13,11,8,1,3
MALDON,E07000074,Women,664,495,42,28,16,17,18,21,6,3,4,3,11
ROCHFORD,E07000075,Women,933,714,66,33,20,25,19,19,5,7,6,3,16
TENDRING,E07000076,Women,1627,1257,84,52,64,35,34,36,29,12,6,4,14
UTTLESFORD,E07000077,Women,1139,846,69,57,41,12,39,26,16,17,4,2,10
BROXBOURNE,E07000095,Women,1433,1017,118,73,50,38,45,42,19,11,3,2,15
DACORUM,E07000096,Women,1982,1390,168,117,66,56,45,51,32,16,9,12,20
EAST HERTFORDSHIRE,E07000242,Women,2141,1652,139,83,66,36,31,41,43,13,4,5,28
HERTSMERE,E07000098,Women,2363,1213,272,452,193,63,58,37,24,12,5,9,25
NORTH HERTFORDSHIRE,E07000099,Women,1780,1222,105,111,133,48,47,41,30,13,12,3,15
ST ALBANS,E07000240,Women,2336,1495,200,192,130,73,79,60,44,24,16,5,18
STEVENAGE,E07000243,Women,1072,714,77,82,69,42,35,21,13,5,1,1,12
THREE RIVERS,E07000102,Women,1463,1014,138,120,53,28,33,27,13,11,7,4,15
WATFORD,E07000103,Women,1497,967,129,125,102,46,42,39,21,11,1,2,12
WELWYN HATFIELD,E07000241,Women,4227,1701,1172,751,368,76,59,33,24,19,3,7,14
BRECKLAND,E07000143,Women,1368,1004,83,72,53,32,32,33,13,11,7,10,18
BROADLAND,E07000144,Women,1240,897,79,56,48,37,40,31,12,5,5,9,21
GREAT YARMOUTH,E07000145,Women,1168,848,62,49,61,42,26,28,15,10,3,4,20
KING`S LYNN AND WEST NORFOLK,E07000146,Women,1685,1286,89,52,60,47,31,35,22,18,9,10,26
NORTH NORFOLK,E07000147,Women,1008,763,50,54,21,14,18,23,18,17,8,9,13
NORWICH,E07000148,Women,5052,1821,1441,932,444,162,96,61,26,20,14,9,26
SOUTH NORFOLK,E07000149,Women,1424,1059,75,58,60,33,37,36,27,17,7,5,10
BABERGH,E07000200,Women,1066,832,42,37,22,23,27,31,28,6,3,6,9
FOREST HEATH,E07000201,Women,646,409,47,52,53,34,23,11,5,4,2,1,5
IPSWICH,E07000202,Women,1909,1331,155,101,105,73,46,29,30,10,10,2,17
MID SUFFOLK,E07000203,Women,955,727,47,32,36,24,15,30,21,5,3,4,11
ST EDMUNDSBURY,E07000204,Women,1273,943,57,57,58,41,32,44,14,9,4,4,10
SUFFOLK COASTAL,E07000205,Women,1382,1099,56,45,43,19,30,26,15,18,6,8,17
WAVENEY,E07000206,Women,1243,974,61,31,41,32,27,24,18,9,3,5,18
CAMDEN,E09000007,Women,12107,4086,2939,2236,1310,595,376,238,116,71,43,28,69
CITY OF LONDON,E09000001,Women,192,55,38,42,30,6,6,6,2,2,3,2,0
HACKNEY,E09000012,Women,8379,3720,1108,1185,961,501,364,256,152,55,22,16,39
HAMMERSMITH AND FULHAM,E09000013,Women,5655,1995,903,1116,780,304,217,140,91,40,14,15,40
HARINGEY,E09000014,Women,8094,3817,984,1055,839,531,340,243,149,60,23,17,36
ISLINGTON,E09000019,Women,8879,3010,1635,1809,1141,492,312,220,125,56,24,18,37
KENSINGTON AND CHELSEA,E09000020,Women,5656,1917,1082,1115,615,336,197,122,97,73,36,32,34
LAMBETH,E09000022,Women,8581,3459,1176,1333,1029,589,367,255,172,75,31,25,70
LEWISHAM,E09000023,Women,7709,3702,1103,1004,661,417,289,246,131,71,25,12,48
NEWHAM,E09000025,Women,11025,5227,1642,1383,1197,631,342,290,164,71,26,17,35
SOUTHWARK,E09000028,Women,11726,4197,2331,2106,1488,547,373,292,179,84,35,30,64
TOWER HAMLETS,E09000030,Women,9920,3739,2023,1947,1172,513,217,131,73,40,21,11,33
WANDSWORTH,E09000032,Women,7815,3171,1260,1224,972,377,278,220,128,64,36,23,62
WESTMINSTER,E09000033,Women,9148,3004,1701,1804,1232,554,334,190,122,77,43,28,59
BARKING AND DAGENHAM,E09000002,Women,4637,2698,465,314,358,285,246,133,73,23,10,4,28
BARNET,E09000003,Women,10625,5377,1405,1290,979,499,401,283,174,87,43,33,54
BEXLEY,E09000004,Women,4666,2868,620,369,217,191,118,133,43,19,11,10,67
BRENT,E09000005,Women,9713,4866,1209,1122,975,527,395,269,161,67,29,22,71
BROMLEY,E09000006,Women,5389,3439,489,442,281,191,186,131,89,32,28,22,59
CROYDON,E09000008,Women,8372,5044,894,741,586,373,241,195,138,52,25,23,60
EALING,E09000009,Women,9120,4673,1167,1069,897,445,335,239,149,50,30,18,48
ENFIELD,E09000010,Women,9112,5073,1198,839,635,427,368,278,147,48,31,15,53
GREENWICH,E09000011,Women,7081,3508,979,852,591,401,261,245,128,48,28,10,30
HARROW,E09000015,Women,6395,3794,903,660,392,234,128,103,77,36,15,20,33
HAVERING,E09000016,Women,4048,2722,378,279,203,146,89,84,48,19,8,9,63
HILLINGDON,E09000017,Women,7972,4141,1447,1129,546,277,167,116,62,25,6,9,47
HOUNSLOW,E09000018,Women,6238,3394,822,687,536,293,206,119,67,48,21,10,35
KINGSTON UPON THAMES,E09000021,Women,5270,2291,1305,869,347,143,115,83,37,29,14,7,30
MERTON,E09000024,Women,4485,2345,524,548,387,235,136,137,85,22,14,13,39
REDBRIDGE,E09000026,Women,7523,4464,901,728,465,325,262,147,94,40,20,14,63
RICHMOND UPON THAMES,E09000027,Women,3898,2124,548,397,257,137,135,108,82,46,22,13,29
SUTTON,E09000029,Women,3227,2107,292,230,187,142,94,72,38,19,10,5,31
WALTHAM FOREST,E09000031,Women,7076,3671,932,817,663,391,241,149,103,30,22,19,38
BRACKNELL FOREST,E06000036,Women,1482,1146,79,69,45,32,37,33,18,6,2,4,11
BRIGHTON AND HOVE,E06000043,Women,10149,4125,2798,1615,687,337,205,160,107,46,12,15,42
ISLE OF WIGHT,E06000046,Women,1790,1366,78,68,76,43,44,42,28,12,6,8,19
MEDWAY,E06000035,Women,5028,3393,684,352,190,127,96,80,44,24,8,4,26
MILTON KEYNES,E06000042,Women,3465,2172,229,218,271,208,151,102,50,13,14,14,23
PORTSMOUTH,E06000044,Women,6933,3007,2028,955,401,193,156,80,41,15,9,8,40
READING,E06000038,Women,4584,1967,1298,605,332,150,79,68,32,21,10,3,19
SLOUGH,E06000039,Women,2835,1764,296,220,189,127,119,54,34,13,5,1,13
SOUTHAMPTON,E06000045,Women,9304,3533,3082,1528,604,253,125,73,33,25,9,10,29
WEST BERKSHIRE,E06000037,Women,1905,1533,71,60,52,27,46,42,28,10,10,7,19
WINDSOR AND MAIDENHEAD,E06000040,Women,2163,1542,172,123,84,62,42,51,26,15,7,11,28
WOKINGHAM,E06000041,Women,2223,1538,173,153,95,60,63,42,40,16,10,11,22
AYLESBURY VALE,E07000004,Women,2536,1741,233,189,109,61,66,53,37,18,13,5,11
CHILTERN,E07000005,Women,1331,981,83,85,44,25,29,24,29,10,6,5,10
SOUTH BUCKS,E07000006,Women,1119,800,75,97,49,20,19,23,13,5,4,8,6
WYCOMBE,E07000007,Women,3084,2028,394,260,127,70,53,53,38,22,10,8,21
EASTBOURNE,E07000061,Women,1802,1074,306,135,80,61,45,41,25,13,7,0,15
HASTINGS,E07000062,Women,1325,907,96,75,68,48,36,42,16,14,7,6,10
LEWES,E07000063,Women,1243,822,89,76,73,42,39,33,26,16,5,6,16
ROTHER,E07000064,Women,1198,877,83,39,43,31,24,27,21,13,8,9,23
WEALDEN,E07000065,Women,1800,1318,118,102,46,35,47,41,33,20,10,8,22
BASINGSTOKE AND DEANE,E07000084,Women,1599,1139,80,79,84,44,51,52,28,14,6,5,17
EAST HAMPSHIRE,E07000085,Women,1718,1281,111,75,49,42,34,49,33,18,5,3,18
EASTLEIGH,E07000086,Women,1469,947,151,104,79,39,49,29,25,12,9,8,17
FAREHAM,E07000087,Women,1303,961,78,78,38,24,40,33,15,9,6,5,16
GOSPORT,E07000088,Women,1089,785,47,49,65,48,38,24,7,9,2,3,12
HART,E07000089,Women,1048,743,61,57,53,27,31,21,23,16,4,4,8
HAVANT,E07000090,Women,1419,1021,74,67,61,49,43,44,12,11,4,3,30
NEW FOREST,E07000091,Women,1724,1211,119,112,69,45,43,44,27,16,5,6,27
RUSHMOOR,E07000092,Women,1358,875,126,111,71,47,63,26,22,0,2,5,10
TEST VALLEY,E07000093,Women,1396,1009,99,95,42,30,24,26,30,13,6,6,16
WINCHESTER,E07000094,Women,3080,1602,762,348,117,49,59,28,53,20,14,6,22
ASHFORD,E07000105,Women,1372,986,77,72,62,39,32,33,35,12,2,7,15
CANTERBURY,E07000106,Women,7095,3263,2348,872,276,100,59,62,32,24,14,13,32
DARTFORD,E07000107,Women,1254,914,88,68,53,41,27,26,12,9,4,3,9
DOVER,E07000108,Women,1603,1171,93,71,67,52,39,39,22,9,12,3,25
GRAVESHAM,E07000109,Women,1523,1177,90,77,44,38,28,24,19,8,4,0,14
MAIDSTONE,E07000110,Women,1968,1401,110,121,98,67,51,43,22,10,7,4,34
SEVENOAKS,E07000111,Women,1684,1318,74,74,45,33,27,36,28,17,5,5,22
SHEPWAY,E07000112,Women,1469,1027,118,97,43,50,29,41,25,10,2,8,19
SWALE,E07000113,Women,1836,1429,93,61,62,37,40,45,32,9,3,10,15
THANET,E07000114,Women,1849,1264,128,99,112,85,47,38,36,15,5,3,17
TONBRIDGE AND MALLING,E07000115,Women,1628,1241,91,75,35,25,42,42,34,13,8,6,16
TUNBRIDGE WELLS,E07000116,Women,2044,1490,135,102,71,44,36,42,62,18,22,8,14
CHERWELL,E07000177,Women,1761,1283,84,77,114,54,51,32,26,14,6,8,12
OXFORD,E07000178,Women,12036,3908,3704,2278,1405,351,149,80,60,33,15,16,37
SOUTH OXFORDSHIRE,E07000179,Women,1590,1130,70,80,74,42,50,42,39,14,12,15,22
VALE OF WHITE HORSE,E07000180,Women,1528,1047,82,95,107,55,33,34,26,13,4,13,19
WEST OXFORDSHIRE,E07000181,Women,1143,815,61,66,43,33,23,32,20,8,8,3,31
ELMBRIDGE,E07000207,Women,2101,1528,128,126,77,38,47,45,45,26,12,6,23
EPSOM AND EWELL,E07000208,Women,1479,965,212,121,44,41,24,29,16,8,5,2,12
GUILDFORD,E07000209,Women,4075,1846,857,755,290,134,60,55,16,28,9,8,17
MOLE VALLEY,E07000210,Women,1148,872,75,67,23,18,14,25,21,8,2,7,16
REIGATE AND BANSTEAD,E07000211,Women,1720,1261,114,81,76,39,38,36,21,12,7,16,19
RUNNYMEDE,E07000212,Women,2952,1258,1023,410,154,34,29,17,13,4,1,1,8
SPELTHORNE,E07000213,Women,1086,762,72,71,46,40,37,9,16,5,3,6,19
SURREY HEATH,E07000214,Women,1028,765,70,54,49,18,25,18,14,5,0,4,6
TANDRIDGE,E07000215,Women,1288,955,84,80,54,26,17,21,18,9,3,1,20
WAVERLEY,E07000216,Women,2136,1565,188,131,57,27,37,37,36,24,5,9,20
WOKING,E07000217,Women,1238,803,99,96,71,40,44,28,24,13,3,5,12
ADUR,E07000223,Women,704,515,26,33,34,21,28,14,12,8,2,1,10
ARUN,E07000224,Women,1678,1124,200,94,74,30,45,34,24,14,7,11,21
CHICHESTER,E07000225,Women,1861,1089,350,132,71,29,43,36,28,30,14,15,24
CRAWLEY,E07000226,Women,1275,891,92,55,95,53,31,19,10,12,2,3,12
HORSHAM,E07000227,Women,1593,1200,86,81,56,36,27,28,32,17,4,8,18
MID SUSSEX,E07000228,Women,1710,1257,97,109,64,49,48,31,16,11,3,11,14
WORTHING,E07000229,Women,1146,707,115,78,78,58,28,24,30,6,2,2,18
BATH AND NORTH EAST SOMERSET,E06000022,Women,6302,2811,1747,1071,281,115,81,57,57,28,12,12,30
BOURNEMOUTH,E06000028,Women,5497,2220,1540,931,364,142,113,79,51,14,9,7,27
"BRISTOL, CITY OF",E06000023,Women,14206,5640,4039,2468,925,394,306,175,90,51,22,18,78
CORNWALL,E06000052,Women,8475,5336,1098,614,382,251,229,196,120,66,46,41,96
ISLES OF SCILLY,E06000053,Women,7,3,2,0,1,0,0,0,0,0,0,1,0
NORTH SOMERSET,E06000024,Women,2327,1501,168,218,116,73,70,58,40,22,10,14,37
PLYMOUTH,E06000026,Women,7447,3325,2128,944,430,196,140,109,63,30,17,15,50
POOLE,E06000029,Women,1962,1291,189,140,102,75,44,45,38,11,1,9,17
SOUTH GLOUCESTERSHIRE,E06000025,Women,3608,2395,391,245,175,114,83,83,46,18,11,9,38
SWINDON,E06000030,Women,2512,1701,158,165,130,77,96,79,30,13,12,16,35
TORBAY,E06000027,Women,1504,1062,77,85,96,42,40,34,28,8,12,5,15
WILTSHIRE,E06000054,Women,5765,4492,224,207,186,132,141,126,81,41,36,29,70
EAST DEVON,E07000040,Women,1380,1046,72,54,45,34,28,24,28,8,8,11,22
EXETER,E07000041,Women,5654,2185,2095,829,250,113,66,50,18,13,8,9,18
MID DEVON,E07000042,Women,876,682,39,46,28,13,18,12,10,9,4,5,10
NORTH DEVON,E07000043,Women,991,753,33,40,40,29,19,16,14,13,1,5,28
SOUTH HAMS,E07000044,Women,971,688,60,42,35,20,32,25,24,9,4,17,15
TEIGNBRIDGE,E07000045,Women,1320,1005,65,57,40,29,25,32,22,13,3,8,21
TORRIDGE,E07000046,Women,663,529,36,26,14,13,11,10,5,4,4,6,5
WEST DEVON,E07000047,Women,608,451,35,26,18,14,11,18,11,5,8,3,8
CHRISTCHURCH,E07000048,Women,518,356,39,28,27,15,10,4,17,4,3,3,12
EAST DORSET,E07000049,Women,764,584,54,22,20,14,9,23,18,3,3,3,11
NORTH DORSET,E07000050,Women,865,704,31,33,26,9,16,12,14,4,2,1,13
PURBECK,E07000051,Women,416,300,35,14,16,11,7,9,9,2,7,0,6
WEST DORSET,E07000052,Women,1152,916,52,45,28,25,16,25,11,8,6,8,12
WEYMOUTH AND PORTLAND,E07000053,Women,712,534,29,41,27,15,18,15,7,15,2,1,8
CHELTENHAM,E07000078,Women,2946,1647,658,294,139,59,51,36,33,11,4,4,10
COTSWOLD,E07000079,Women,1311,809,238,102,39,16,35,22,18,11,1,6,14
FOREST OF DEAN,E07000080,Women,1295,999,114,55,29,21,20,20,7,6,6,3,15
GLOUCESTER,E07000081,Women,1744,1098,243,138,74,74,35,37,14,10,2,5,14
STROUD,E07000082,Women,1396,1008,73,80,44,27,49,34,29,17,9,10,16
TEWKESBURY,E07000083,Women,918,640,77,42,41,24,23,23,16,12,2,3,15
MENDIP,E07000187,Women,1547,1242,58,71,28,26,19,33,25,16,8,6,15
SEDGEMOOR,E07000188,Women,1331,991,65,57,46,39,34,42,13,14,8,7,15
SOUTH SOMERSET,E07000189,Women,1776,1373,87,77,44,49,48,24,25,10,12,9,18
TAUNTON DEANE,E07000190,Women,1530,1016,181,102,59,51,38,31,15,15,8,6,8
WEST SOMERSET,E07000191,Women,386,256,46,19,17,5,13,9,4,8,0,0,9
ANGLESEY,W06000001,Women,1084,687,100,84,67,38,23,14,21,8,6,12,24
GWYNEDD,W06000002,Women,3815,1790,1084,472,175,88,62,36,35,19,4,12,38
CONWY,W06000003,Women,1725,1125,134,118,76,60,53,41,38,16,12,17,35
DENBIGHSHIRE,W06000004,Women,1647,1130,150,109,71,50,39,39,15,13,8,5,18
FLINTSHIRE,W06000005,Women,2128,1470,146,117,122,83,59,42,32,16,8,9,24
WREXHAM,W06000006,Women,2082,1255,256,190,141,73,58,47,19,14,6,11,12
POWYS,W06000023,Women,1741,1326,90,68,47,49,43,43,23,10,12,16,14
CEREDIGION,W06000008,Women,3675,1701,1276,372,129,45,42,17,27,11,10,9,36
PEMBROKESHIRE,W06000009,Women,1647,1237,117,69,50,40,27,27,18,15,6,11,30
CARMARTHENSHIRE,W06000010,Women,2927,2029,316,187,118,74,51,37,30,21,16,15,33
SWANSEA,W06000011,Women,6589,3052,1579,918,416,192,158,91,63,35,13,22,50
NEATH PORT TALBOT,W06000012,Women,2123,1493,171,100,98,64,67,51,31,11,9,9,19
BRIDGEND,W06000013,Women,2080,1467,162,112,100,70,66,37,18,13,8,4,23
THE VALE OF GLAMORGAN,W06000014,Women,2148,1576,127,109,92,60,53,36,25,12,14,13,31
CARDIFF,W06000015,Women,14043,5726,4129,2299,903,380,225,160,85,43,34,16,43
"RHONDDA, CYNON, TAFF",W06000016,Women,4769,2993,609,399,282,151,137,73,33,14,13,18,47
MERTHYR TYDFIL,W06000024,Women,1073,751,91,64,54,34,31,16,11,6,1,6,8
CAERPHILLY,W06000018,Women,3082,2223,187,168,133,94,80,77,41,18,15,11,35
BLAENAU GWENT,W06000019,Women,1200,919,98,48,46,14,17,18,8,7,3,4,18
TORFAEN,W06000020,Women,1330,1023,63,55,53,43,29,13,10,11,3,4,23
MONMOUTHSHIRE,W06000021,Women,1369,1037,66,71,36,33,34,32,17,9,5,9,20
NEWPORT,W06000022,Women,2770,1720,424,200,129,99,67,56,27,14,9,7,18
